"",playlist.id,playlist.name,followers.total
0,37i9dQZEVXbMMy2roB9myp,Top 50 - Argentina,1263433
1,37i9dQZEVXbJPcfkRz0wJ0,Top 50 - Australia,807618
2,37i9dQZEVXbKNHh6NIXu36,Top 50 - Austria,117952
3,37i9dQZEVXbJNSeeHswcKB,Top 50 - Belgium,267613
4,37i9dQZEVXbJqfMFK4d691,Top 50 - Bolivia,91292
5,37i9dQZEVXbMXbN3EUUhlg,Top 50 - Brazil,3200210
6,37i9dQZEVXbKj23U1GF4IR,Top 50 - Canada,332490
7,37i9dQZEVXbL0GavIqMTeb,Top 50 - Chile,501651
8,37i9dQZEVXbOa2lmxNORXQ,Top 50 - Colombia,769867
9,37i9dQZEVXbMZAjGMynsQX,Top 50 - Costa Rica,138780
10,37i9dQZEVXbL3J0k32lWnN,Top 50 - Denmark,192668
11,37i9dQZEVXbJlM6nvL1nD1,Top 50 - Ecuador,168515
12,37i9dQZEVXbLesry2Qw2xS,Top 50 - Estonia,16931
13,37i9dQZEVXbMxcczTSoGwZ,Top 50 - Finland,131285
14,37i9dQZEVXbIPWwFssbupI,Top 50 - France,816680
15,37i9dQZEVXbJiZcmkrIHGU,Top 50 - Germany,2129945
16,37i9dQZEVXbMDoHDwVN2tF,Top 50 - Global,17005480
17,37i9dQZEVXbJqdarpmTJDL,Top 50 - Greece,79312
18,37i9dQZEVXbLy5tBFyQvd4,Top 50 - Guatemala,74538
19,37i9dQZEVXbLwpL8TjsxOG,Top 50 - Hong Kong,104714
20,37i9dQZEVXbNHwMxAkvmF8,Top 50 - Hungary,68322
21,37i9dQZEVXbKMzVsSGQ49S,Top 50 - Iceland,39722
22,37i9dQZEVXbLZ52XmnySJg,Top 50 - India,349947
23,37i9dQZEVXbObFQZ3JLcXt,Top 50 - Indonesia,620452
24,37i9dQZEVXbKM896FDX8L1,Top 50 - Ireland,239751
25,37i9dQZEVXbJ6IpvItkve3,Top 50 - Israel,48557
26,37i9dQZEVXbIQnj7RRhdSX,Top 50 - Italy,1024869
27,37i9dQZEVXbKXQ4mDTEBXq,Top 50 - Japan,920586
28,37i9dQZEVXbKGcyg6TFGx6,Top 50 - Luxembourg,7347
29,37i9dQZEVXbJlfUljuZExa,Top 50 - Malaysia,201300
30,37i9dQZEVXbO3qyFxbkOE1,Top 50 - Mexico,1557223
31,37i9dQZEVXbJU9eQpX8gPT,Top 50 - Morocco,24194
32,37i9dQZEVXbKCF6dqVpDkS,Top 50 - Netherlands,903764
33,37i9dQZEVXbM8SIrkERIYl,Top 50 - New Zealand,210666
34,37i9dQZEVXbISk8kxnzfCq,Top 50 - Nicaragua,15512
35,37i9dQZEVXbJvfa0Yxg7E7,Top 50 - Norway,520183
36,37i9dQZEVXbKypXHVwk1f0,Top 50 - Panama,93296
37,37i9dQZEVXbJfdy5b0KP7W,Top 50 - Peru,448196
38,37i9dQZEVXbNBz9cRCSFkY,Top 50 - Philippines,1190991
39,37i9dQZEVXbKyJS56d1pgi,Top 50 - Portugal,195286
40,37i9dQZEVXbNZbJ6TZelCq,Top 50 - Romania,27630
41,37i9dQZEVXbLrQBcXqUtaC,Top 50 - Saudi Arabia,5283
42,37i9dQZEVXbK4gjvS1FjPY,Top 50 - Singapore,129396
43,37i9dQZEVXbKIVTPX9a2Sb,Top 50 - Slovakia,20389
44,37i9dQZEVXbMH2jvi6jvjk,Top 50 - South Africa,31029
45,37i9dQZEVXbNxXF4SkHj9F,Top 50 - South Korea,64655
46,37i9dQZEVXbNFJfN1Vw8d9,Top 50 - Spain,1506482
47,6zFJ2HTXC3d38AgpfcPGph,Top 50 - Suriname,98
48,37i9dQZEVXbLoATJ81JYXz,Top 50 - Sweden,601444
49,37i9dQZEVXbJiyhoAPEfMK,Top 50 - Switzerland,119964
50,37i9dQZEVXbMnZEatlMSiu,Top 50 - Taiwan,197340
51,37i9dQZEVXbMnz8KIWsvf9,Top 50 - Thailand,132209
52,37i9dQZEVXbIVYVBNw9D5K,Top 50 - Turkey,776907
53,37i9dQZEVXbM4UZuIrvHvA,Top 50 - UAE,2933
54,37i9dQZEVXbLRQDuF5jeBp,Top 50 - USA,3414263
55,37i9dQZEVXbKkidEfWYRuD,Top 50 - Ukraine,20077
56,37i9dQZEVXbLnolsZ8PSNw,Top 50 - United Kingdom,2180445
57,37i9dQZEVXbLdGSmz6xilI,Top 50 - Vietnam,75278
58,3seAKhZ9QXirBjL9lazOi4,Top 50 - Zimbabwe,64
59,5atgcoJ9pDa39CzCYdXkRi,Top 50 - Polska,756
60,37i9dQZEVXbMMy2roB9myp,Top 50 - Argentina,1263773
61,37i9dQZEVXbJPcfkRz0wJ0,Top 50 - Australia,807651
62,37i9dQZEVXbKNHh6NIXu36,Top 50 - Austria,117955
63,37i9dQZEVXbJNSeeHswcKB,Top 50 - Belgium,267636
64,37i9dQZEVXbJqfMFK4d691,Top 50 - Bolivia,91310
65,37i9dQZEVXbMXbN3EUUhlg,Top 50 - Brazil,3200475
66,37i9dQZEVXbKj23U1GF4IR,Top 50 - Canada,332497
67,37i9dQZEVXbL0GavIqMTeb,Top 50 - Chile,501861
68,37i9dQZEVXbOa2lmxNORXQ,Top 50 - Colombia,770023
69,37i9dQZEVXbMZAjGMynsQX,Top 50 - Costa Rica,138809
70,37i9dQZEVXbL3J0k32lWnN,Top 50 - Denmark,192689
71,37i9dQZEVXbJlM6nvL1nD1,Top 50 - Ecuador,168539
72,37i9dQZEVXbLesry2Qw2xS,Top 50 - Estonia,16934
73,37i9dQZEVXbMxcczTSoGwZ,Top 50 - Finland,131323
74,37i9dQZEVXbIPWwFssbupI,Top 50 - France,816735
75,37i9dQZEVXbJiZcmkrIHGU,Top 50 - Germany,2129982
76,37i9dQZEVXbMDoHDwVN2tF,Top 50 - Global,17006647
77,37i9dQZEVXbJqdarpmTJDL,Top 50 - Greece,79332
78,37i9dQZEVXbLy5tBFyQvd4,Top 50 - Guatemala,74551
79,37i9dQZEVXbLwpL8TjsxOG,Top 50 - Hong Kong,104744
80,37i9dQZEVXbNHwMxAkvmF8,Top 50 - Hungary,68328
81,37i9dQZEVXbKMzVsSGQ49S,Top 50 - Iceland,39724
82,37i9dQZEVXbLZ52XmnySJg,Top 50 - India,350214
83,37i9dQZEVXbObFQZ3JLcXt,Top 50 - Indonesia,620627
84,37i9dQZEVXbKM896FDX8L1,Top 50 - Ireland,239761
85,37i9dQZEVXbJ6IpvItkve3,Top 50 - Israel,48564
86,37i9dQZEVXbIQnj7RRhdSX,Top 50 - Italy,1024980
87,37i9dQZEVXbKXQ4mDTEBXq,Top 50 - Japan,921062
88,37i9dQZEVXbKGcyg6TFGx6,Top 50 - Luxembourg,7350
89,37i9dQZEVXbJlfUljuZExa,Top 50 - Malaysia,201303
90,37i9dQZEVXbO3qyFxbkOE1,Top 50 - Mexico,1557725
91,37i9dQZEVXbJU9eQpX8gPT,Top 50 - Morocco,24223
92,37i9dQZEVXbKCF6dqVpDkS,Top 50 - Netherlands,903769
93,37i9dQZEVXbM8SIrkERIYl,Top 50 - New Zealand,210675
94,37i9dQZEVXbISk8kxnzfCq,Top 50 - Nicaragua,15513
95,37i9dQZEVXbJvfa0Yxg7E7,Top 50 - Norway,520238
96,37i9dQZEVXbKypXHVwk1f0,Top 50 - Panama,93305
97,37i9dQZEVXbJfdy5b0KP7W,Top 50 - Peru,448253
98,37i9dQZEVXbNBz9cRCSFkY,Top 50 - Philippines,1191185
99,37i9dQZEVXbKyJS56d1pgi,Top 50 - Portugal,195306
100,37i9dQZEVXbNZbJ6TZelCq,Top 50 - Romania,27630
101,37i9dQZEVXbLrQBcXqUtaC,Top 50 - Saudi Arabia,5285
102,37i9dQZEVXbK4gjvS1FjPY,Top 50 - Singapore,129399
103,37i9dQZEVXbKIVTPX9a2Sb,Top 50 - Slovakia,20394
104,37i9dQZEVXbMH2jvi6jvjk,Top 50 - South Africa,31039
105,37i9dQZEVXbNxXF4SkHj9F,Top 50 - South Korea,64759
106,37i9dQZEVXbNFJfN1Vw8d9,Top 50 - Spain,1506719
107,6zFJ2HTXC3d38AgpfcPGph,Top 50 - Suriname,98
108,37i9dQZEVXbLoATJ81JYXz,Top 50 - Sweden,601503
109,37i9dQZEVXbJiyhoAPEfMK,Top 50 - Switzerland,119967
110,37i9dQZEVXbMnZEatlMSiu,Top 50 - Taiwan,197375
111,37i9dQZEVXbMnz8KIWsvf9,Top 50 - Thailand,132265
112,37i9dQZEVXbIVYVBNw9D5K,Top 50 - Turkey,777033
113,37i9dQZEVXbM4UZuIrvHvA,Top 50 - UAE,2931
114,37i9dQZEVXbLRQDuF5jeBp,Top 50 - USA,3414289
115,37i9dQZEVXbKkidEfWYRuD,Top 50 - Ukraine,20096
116,37i9dQZEVXbLnolsZ8PSNw,Top 50 - United Kingdom,2180432
117,37i9dQZEVXbLdGSmz6xilI,Top 50 - Vietnam,75302
118,3seAKhZ9QXirBjL9lazOi4,Top 50 - Zimbabwe,64
119,5atgcoJ9pDa39CzCYdXkRi,Top 50 - Polska,756
120,37i9dQZEVXbMMy2roB9myp,Top 50 - Argentina,1264071
121,37i9dQZEVXbJPcfkRz0wJ0,Top 50 - Australia,807681
122,37i9dQZEVXbKNHh6NIXu36,Top 50 - Austria,117967
123,37i9dQZEVXbJNSeeHswcKB,Top 50 - Belgium,267652
124,37i9dQZEVXbJqfMFK4d691,Top 50 - Bolivia,91341
125,37i9dQZEVXbMXbN3EUUhlg,Top 50 - Brazil,3200668
126,37i9dQZEVXbKj23U1GF4IR,Top 50 - Canada,332493
127,37i9dQZEVXbL0GavIqMTeb,Top 50 - Chile,502022
128,37i9dQZEVXbOa2lmxNORXQ,Top 50 - Colombia,770213
129,37i9dQZEVXbMZAjGMynsQX,Top 50 - Costa Rica,138840
130,37i9dQZEVXbL3J0k32lWnN,Top 50 - Denmark,192710
131,37i9dQZEVXbJlM6nvL1nD1,Top 50 - Ecuador,168587
132,37i9dQZEVXbLesry2Qw2xS,Top 50 - Estonia,16934
133,37i9dQZEVXbMxcczTSoGwZ,Top 50 - Finland,131348
134,37i9dQZEVXbIPWwFssbupI,Top 50 - France,816768
135,37i9dQZEVXbJiZcmkrIHGU,Top 50 - Germany,2130045
136,37i9dQZEVXbMDoHDwVN2tF,Top 50 - Global,17007395
137,37i9dQZEVXbJqdarpmTJDL,Top 50 - Greece,79375
138,37i9dQZEVXbLy5tBFyQvd4,Top 50 - Guatemala,74564
139,37i9dQZEVXbLwpL8TjsxOG,Top 50 - Hong Kong,104765
140,37i9dQZEVXbNHwMxAkvmF8,Top 50 - Hungary,68332
141,37i9dQZEVXbKMzVsSGQ49S,Top 50 - Iceland,39726
142,37i9dQZEVXbLZ52XmnySJg,Top 50 - India,350415
143,37i9dQZEVXbObFQZ3JLcXt,Top 50 - Indonesia,620786
144,37i9dQZEVXbKM896FDX8L1,Top 50 - Ireland,239771
145,37i9dQZEVXbJ6IpvItkve3,Top 50 - Israel,48583
146,37i9dQZEVXbIQnj7RRhdSX,Top 50 - Italy,1025093
147,37i9dQZEVXbKXQ4mDTEBXq,Top 50 - Japan,921538
148,37i9dQZEVXbKGcyg6TFGx6,Top 50 - Luxembourg,7351
149,37i9dQZEVXbJlfUljuZExa,Top 50 - Malaysia,201322
150,37i9dQZEVXbO3qyFxbkOE1,Top 50 - Mexico,1558079
151,37i9dQZEVXbJU9eQpX8gPT,Top 50 - Morocco,24257
152,37i9dQZEVXbKCF6dqVpDkS,Top 50 - Netherlands,903750
153,37i9dQZEVXbM8SIrkERIYl,Top 50 - New Zealand,210671
154,37i9dQZEVXbISk8kxnzfCq,Top 50 - Nicaragua,15515
155,37i9dQZEVXbJvfa0Yxg7E7,Top 50 - Norway,520267
156,37i9dQZEVXbKypXHVwk1f0,Top 50 - Panama,93313
157,37i9dQZEVXbJfdy5b0KP7W,Top 50 - Peru,448302
158,37i9dQZEVXbNBz9cRCSFkY,Top 50 - Philippines,1191336
159,37i9dQZEVXbKyJS56d1pgi,Top 50 - Portugal,195322
160,37i9dQZEVXbNZbJ6TZelCq,Top 50 - Romania,27634
161,37i9dQZEVXbLrQBcXqUtaC,Top 50 - Saudi Arabia,5294
162,37i9dQZEVXbK4gjvS1FjPY,Top 50 - Singapore,129409
163,37i9dQZEVXbKIVTPX9a2Sb,Top 50 - Slovakia,20398
164,37i9dQZEVXbMH2jvi6jvjk,Top 50 - South Africa,31055
165,37i9dQZEVXbNxXF4SkHj9F,Top 50 - South Korea,64872
166,37i9dQZEVXbNFJfN1Vw8d9,Top 50 - Spain,1506947
167,6zFJ2HTXC3d38AgpfcPGph,Top 50 - Suriname,98
168,37i9dQZEVXbLoATJ81JYXz,Top 50 - Sweden,601520
169,37i9dQZEVXbJiyhoAPEfMK,Top 50 - Switzerland,119968
170,37i9dQZEVXbMnZEatlMSiu,Top 50 - Taiwan,197409
171,37i9dQZEVXbMnz8KIWsvf9,Top 50 - Thailand,132328
172,37i9dQZEVXbIVYVBNw9D5K,Top 50 - Turkey,777137
173,37i9dQZEVXbM4UZuIrvHvA,Top 50 - UAE,2926
174,37i9dQZEVXbLRQDuF5jeBp,Top 50 - USA,3414295
175,37i9dQZEVXbKkidEfWYRuD,Top 50 - Ukraine,20115
176,37i9dQZEVXbLnolsZ8PSNw,Top 50 - United Kingdom,2180372
177,37i9dQZEVXbLdGSmz6xilI,Top 50 - Vietnam,75323
178,3seAKhZ9QXirBjL9lazOi4,Top 50 - Zimbabwe,64
179,5atgcoJ9pDa39CzCYdXkRi,Top 50 - Polska,756
180,37i9dQZEVXbMMy2roB9myp,Top 50 - Argentina,1264393
181,37i9dQZEVXbJPcfkRz0wJ0,Top 50 - Australia,807727
182,37i9dQZEVXbKNHh6NIXu36,Top 50 - Austria,117968
183,37i9dQZEVXbJNSeeHswcKB,Top 50 - Belgium,267652
184,37i9dQZEVXbJqfMFK4d691,Top 50 - Bolivia,91354
185,37i9dQZEVXbMXbN3EUUhlg,Top 50 - Brazil,3200862
186,37i9dQZEVXbKj23U1GF4IR,Top 50 - Canada,332486
187,37i9dQZEVXbL0GavIqMTeb,Top 50 - Chile,502169
188,37i9dQZEVXbOa2lmxNORXQ,Top 50 - Colombia,770392
189,37i9dQZEVXbMZAjGMynsQX,Top 50 - Costa Rica,138854
190,37i9dQZEVXbL3J0k32lWnN,Top 50 - Denmark,192738
191,37i9dQZEVXbJlM6nvL1nD1,Top 50 - Ecuador,168649
192,37i9dQZEVXbLesry2Qw2xS,Top 50 - Estonia,16934
193,37i9dQZEVXbMxcczTSoGwZ,Top 50 - Finland,131376
194,37i9dQZEVXbIPWwFssbupI,Top 50 - France,816812
195,37i9dQZEVXbJiZcmkrIHGU,Top 50 - Germany,2130057
196,37i9dQZEVXbMDoHDwVN2tF,Top 50 - Global,17008096
197,37i9dQZEVXbJqdarpmTJDL,Top 50 - Greece,79393
198,37i9dQZEVXbLy5tBFyQvd4,Top 50 - Guatemala,74574
199,37i9dQZEVXbLwpL8TjsxOG,Top 50 - Hong Kong,104794
200,37i9dQZEVXbNHwMxAkvmF8,Top 50 - Hungary,68340
201,37i9dQZEVXbKMzVsSGQ49S,Top 50 - Iceland,39724
202,37i9dQZEVXbLZ52XmnySJg,Top 50 - India,350641
203,37i9dQZEVXbObFQZ3JLcXt,Top 50 - Indonesia,620931
204,37i9dQZEVXbKM896FDX8L1,Top 50 - Ireland,239795
205,37i9dQZEVXbJ6IpvItkve3,Top 50 - Israel,48594
206,37i9dQZEVXbIQnj7RRhdSX,Top 50 - Italy,1025222
207,37i9dQZEVXbKXQ4mDTEBXq,Top 50 - Japan,922008
208,37i9dQZEVXbKGcyg6TFGx6,Top 50 - Luxembourg,7351
209,37i9dQZEVXbJlfUljuZExa,Top 50 - Malaysia,201347
210,37i9dQZEVXbO3qyFxbkOE1,Top 50 - Mexico,1558423
211,37i9dQZEVXbJU9eQpX8gPT,Top 50 - Morocco,24306
212,37i9dQZEVXbKCF6dqVpDkS,Top 50 - Netherlands,903743
213,37i9dQZEVXbM8SIrkERIYl,Top 50 - New Zealand,210672
214,37i9dQZEVXbISk8kxnzfCq,Top 50 - Nicaragua,15523
215,37i9dQZEVXbJvfa0Yxg7E7,Top 50 - Norway,520323
216,37i9dQZEVXbKypXHVwk1f0,Top 50 - Panama,93330
217,37i9dQZEVXbJfdy5b0KP7W,Top 50 - Peru,448376
218,37i9dQZEVXbNBz9cRCSFkY,Top 50 - Philippines,1191447
219,37i9dQZEVXbKyJS56d1pgi,Top 50 - Portugal,195333
220,37i9dQZEVXbNZbJ6TZelCq,Top 50 - Romania,27641
221,37i9dQZEVXbLrQBcXqUtaC,Top 50 - Saudi Arabia,5298
222,37i9dQZEVXbK4gjvS1FjPY,Top 50 - Singapore,129418
223,37i9dQZEVXbKIVTPX9a2Sb,Top 50 - Slovakia,20399
224,37i9dQZEVXbMH2jvi6jvjk,Top 50 - South Africa,31071
225,37i9dQZEVXbNxXF4SkHj9F,Top 50 - South Korea,64966
226,37i9dQZEVXbNFJfN1Vw8d9,Top 50 - Spain,1507214
227,6zFJ2HTXC3d38AgpfcPGph,Top 50 - Suriname,100
228,37i9dQZEVXbLoATJ81JYXz,Top 50 - Sweden,601516
229,37i9dQZEVXbJiyhoAPEfMK,Top 50 - Switzerland,119980
230,37i9dQZEVXbMnZEatlMSiu,Top 50 - Taiwan,197435
231,37i9dQZEVXbMnz8KIWsvf9,Top 50 - Thailand,132405
232,37i9dQZEVXbIVYVBNw9D5K,Top 50 - Turkey,777250
233,37i9dQZEVXbM4UZuIrvHvA,Top 50 - UAE,2926
234,37i9dQZEVXbLRQDuF5jeBp,Top 50 - USA,3414258
235,37i9dQZEVXbKkidEfWYRuD,Top 50 - Ukraine,20134
236,37i9dQZEVXbLnolsZ8PSNw,Top 50 - United Kingdom,2180340
237,37i9dQZEVXbLdGSmz6xilI,Top 50 - Vietnam,75341
238,3seAKhZ9QXirBjL9lazOi4,Top 50 - Zimbabwe,65
239,5atgcoJ9pDa39CzCYdXkRi,Top 50 - Polska,756
240,37i9dQZEVXbMMy2roB9myp,Top 50 - Argentina,1264739
241,37i9dQZEVXbJPcfkRz0wJ0,Top 50 - Australia,807803
242,37i9dQZEVXbKNHh6NIXu36,Top 50 - Austria,117974
243,37i9dQZEVXbJNSeeHswcKB,Top 50 - Belgium,267662
244,37i9dQZEVXbJqfMFK4d691,Top 50 - Bolivia,91385
245,37i9dQZEVXbMXbN3EUUhlg,Top 50 - Brazil,3201121
246,37i9dQZEVXbKj23U1GF4IR,Top 50 - Canada,332483
247,37i9dQZEVXbL0GavIqMTeb,Top 50 - Chile,502304
248,37i9dQZEVXbOa2lmxNORXQ,Top 50 - Colombia,770613
249,37i9dQZEVXbMZAjGMynsQX,Top 50 - Costa Rica,138869
250,37i9dQZEVXbL3J0k32lWnN,Top 50 - Denmark,192752
251,37i9dQZEVXbJlM6nvL1nD1,Top 50 - Ecuador,168683
252,37i9dQZEVXbLesry2Qw2xS,Top 50 - Estonia,16938
253,37i9dQZEVXbMxcczTSoGwZ,Top 50 - Finland,131412
254,37i9dQZEVXbIPWwFssbupI,Top 50 - France,816852
255,37i9dQZEVXbJiZcmkrIHGU,Top 50 - Germany,2130090
256,37i9dQZEVXbMDoHDwVN2tF,Top 50 - Global,17008924
257,37i9dQZEVXbJqdarpmTJDL,Top 50 - Greece,79418
258,37i9dQZEVXbLy5tBFyQvd4,Top 50 - Guatemala,74574
259,37i9dQZEVXbLwpL8TjsxOG,Top 50 - Hong Kong,104817
260,37i9dQZEVXbNHwMxAkvmF8,Top 50 - Hungary,68349
261,37i9dQZEVXbKMzVsSGQ49S,Top 50 - Iceland,39723
262,37i9dQZEVXbLZ52XmnySJg,Top 50 - India,350822
263,37i9dQZEVXbObFQZ3JLcXt,Top 50 - Indonesia,621054
264,37i9dQZEVXbKM896FDX8L1,Top 50 - Ireland,239791
265,37i9dQZEVXbJ6IpvItkve3,Top 50 - Israel,48615
266,37i9dQZEVXbIQnj7RRhdSX,Top 50 - Italy,1025321
267,37i9dQZEVXbKXQ4mDTEBXq,Top 50 - Japan,922408
268,37i9dQZEVXbKGcyg6TFGx6,Top 50 - Luxembourg,7353
269,37i9dQZEVXbJlfUljuZExa,Top 50 - Malaysia,201359
270,37i9dQZEVXbO3qyFxbkOE1,Top 50 - Mexico,1558805
271,37i9dQZEVXbJU9eQpX8gPT,Top 50 - Morocco,24353
272,37i9dQZEVXbKCF6dqVpDkS,Top 50 - Netherlands,903736
273,37i9dQZEVXbM8SIrkERIYl,Top 50 - New Zealand,210692
274,37i9dQZEVXbISk8kxnzfCq,Top 50 - Nicaragua,15533
275,37i9dQZEVXbJvfa0Yxg7E7,Top 50 - Norway,520366
276,37i9dQZEVXbKypXHVwk1f0,Top 50 - Panama,93336
277,37i9dQZEVXbJfdy5b0KP7W,Top 50 - Peru,448415
278,37i9dQZEVXbNBz9cRCSFkY,Top 50 - Philippines,1191550
279,37i9dQZEVXbKyJS56d1pgi,Top 50 - Portugal,195351
280,37i9dQZEVXbNZbJ6TZelCq,Top 50 - Romania,27642
281,37i9dQZEVXbLrQBcXqUtaC,Top 50 - Saudi Arabia,5302
282,37i9dQZEVXbK4gjvS1FjPY,Top 50 - Singapore,129421
283,37i9dQZEVXbKIVTPX9a2Sb,Top 50 - Slovakia,20399
284,37i9dQZEVXbMH2jvi6jvjk,Top 50 - South Africa,31085
285,37i9dQZEVXbNxXF4SkHj9F,Top 50 - South Korea,65102
286,37i9dQZEVXbNFJfN1Vw8d9,Top 50 - Spain,1507472
287,6zFJ2HTXC3d38AgpfcPGph,Top 50 - Suriname,102
288,37i9dQZEVXbLoATJ81JYXz,Top 50 - Sweden,601534
289,37i9dQZEVXbJiyhoAPEfMK,Top 50 - Switzerland,119982
290,37i9dQZEVXbMnZEatlMSiu,Top 50 - Taiwan,197484
291,37i9dQZEVXbMnz8KIWsvf9,Top 50 - Thailand,132437
292,37i9dQZEVXbIVYVBNw9D5K,Top 50 - Turkey,777285
293,37i9dQZEVXbM4UZuIrvHvA,Top 50 - UAE,2876
294,37i9dQZEVXbLRQDuF5jeBp,Top 50 - USA,3414179
295,37i9dQZEVXbKkidEfWYRuD,Top 50 - Ukraine,20160
296,37i9dQZEVXbLnolsZ8PSNw,Top 50 - United Kingdom,2180281
297,37i9dQZEVXbLdGSmz6xilI,Top 50 - Vietnam,75359
298,3seAKhZ9QXirBjL9lazOi4,Top 50 - Zimbabwe,65
299,5atgcoJ9pDa39CzCYdXkRi,Top 50 - Polska,756
300,37i9dQZEVXbMMy2roB9myp,Top 50 - Argentina,1265169
301,37i9dQZEVXbJPcfkRz0wJ0,Top 50 - Australia,807873
302,37i9dQZEVXbKNHh6NIXu36,Top 50 - Austria,117970
303,37i9dQZEVXbJNSeeHswcKB,Top 50 - Belgium,267688
304,37i9dQZEVXbJqfMFK4d691,Top 50 - Bolivia,91411
305,37i9dQZEVXbMXbN3EUUhlg,Top 50 - Brazil,3201490
306,37i9dQZEVXbKj23U1GF4IR,Top 50 - Canada,332481
307,37i9dQZEVXbL0GavIqMTeb,Top 50 - Chile,502397
308,37i9dQZEVXbOa2lmxNORXQ,Top 50 - Colombia,770860
309,37i9dQZEVXbMZAjGMynsQX,Top 50 - Costa Rica,138889
310,37i9dQZEVXbL3J0k32lWnN,Top 50 - Denmark,192785
311,37i9dQZEVXbJlM6nvL1nD1,Top 50 - Ecuador,168719
312,37i9dQZEVXbLesry2Qw2xS,Top 50 - Estonia,16942
313,37i9dQZEVXbMxcczTSoGwZ,Top 50 - Finland,131443
314,37i9dQZEVXbIPWwFssbupI,Top 50 - France,816864
315,37i9dQZEVXbJiZcmkrIHGU,Top 50 - Germany,2130110
316,37i9dQZEVXbMDoHDwVN2tF,Top 50 - Global,17009518
317,37i9dQZEVXbJqdarpmTJDL,Top 50 - Greece,79446
318,37i9dQZEVXbLy5tBFyQvd4,Top 50 - Guatemala,74592
319,37i9dQZEVXbLwpL8TjsxOG,Top 50 - Hong Kong,104840
320,37i9dQZEVXbNHwMxAkvmF8,Top 50 - Hungary,68350
321,37i9dQZEVXbKMzVsSGQ49S,Top 50 - Iceland,39727
322,37i9dQZEVXbLZ52XmnySJg,Top 50 - India,351037
323,37i9dQZEVXbObFQZ3JLcXt,Top 50 - Indonesia,621217
324,37i9dQZEVXbKM896FDX8L1,Top 50 - Ireland,239806
325,37i9dQZEVXbJ6IpvItkve3,Top 50 - Israel,48632
326,37i9dQZEVXbIQnj7RRhdSX,Top 50 - Italy,1025501
327,37i9dQZEVXbKXQ4mDTEBXq,Top 50 - Japan,922864
328,37i9dQZEVXbKGcyg6TFGx6,Top 50 - Luxembourg,7355
329,37i9dQZEVXbJlfUljuZExa,Top 50 - Malaysia,201367
330,37i9dQZEVXbO3qyFxbkOE1,Top 50 - Mexico,1559241
331,37i9dQZEVXbJU9eQpX8gPT,Top 50 - Morocco,24405
332,37i9dQZEVXbKCF6dqVpDkS,Top 50 - Netherlands,903716
333,37i9dQZEVXbM8SIrkERIYl,Top 50 - New Zealand,210687
334,37i9dQZEVXbISk8kxnzfCq,Top 50 - Nicaragua,15534
335,37i9dQZEVXbJvfa0Yxg7E7,Top 50 - Norway,520408
336,37i9dQZEVXbKypXHVwk1f0,Top 50 - Panama,93347
337,37i9dQZEVXbJfdy5b0KP7W,Top 50 - Peru,448475
338,37i9dQZEVXbNBz9cRCSFkY,Top 50 - Philippines,1191675
339,37i9dQZEVXbKyJS56d1pgi,Top 50 - Portugal,195370
340,37i9dQZEVXbNZbJ6TZelCq,Top 50 - Romania,27654
341,37i9dQZEVXbLrQBcXqUtaC,Top 50 - Saudi Arabia,5307
342,37i9dQZEVXbK4gjvS1FjPY,Top 50 - Singapore,129430
343,37i9dQZEVXbKIVTPX9a2Sb,Top 50 - Slovakia,20406
344,37i9dQZEVXbMH2jvi6jvjk,Top 50 - South Africa,31102
345,37i9dQZEVXbNxXF4SkHj9F,Top 50 - South Korea,65188
346,37i9dQZEVXbNFJfN1Vw8d9,Top 50 - Spain,1508025
347,6zFJ2HTXC3d38AgpfcPGph,Top 50 - Suriname,102
348,37i9dQZEVXbLoATJ81JYXz,Top 50 - Sweden,601551
349,37i9dQZEVXbJiyhoAPEfMK,Top 50 - Switzerland,119990
350,37i9dQZEVXbMnZEatlMSiu,Top 50 - Taiwan,197516
351,37i9dQZEVXbMnz8KIWsvf9,Top 50 - Thailand,132496
352,37i9dQZEVXbIVYVBNw9D5K,Top 50 - Turkey,777372
353,37i9dQZEVXbM4UZuIrvHvA,Top 50 - UAE,2851
354,37i9dQZEVXbLRQDuF5jeBp,Top 50 - USA,3414159
355,37i9dQZEVXbKkidEfWYRuD,Top 50 - Ukraine,20194
356,37i9dQZEVXbLnolsZ8PSNw,Top 50 - United Kingdom,2180227
357,37i9dQZEVXbLdGSmz6xilI,Top 50 - Vietnam,75383
358,3seAKhZ9QXirBjL9lazOi4,Top 50 - Zimbabwe,65
359,5atgcoJ9pDa39CzCYdXkRi,Top 50 - Polska,756
360,37i9dQZEVXbMMy2roB9myp,Top 50 - Argentina,1265532
361,37i9dQZEVXbJPcfkRz0wJ0,Top 50 - Australia,807902
362,37i9dQZEVXbKNHh6NIXu36,Top 50 - Austria,117969
363,37i9dQZEVXbJNSeeHswcKB,Top 50 - Belgium,267700
364,37i9dQZEVXbJqfMFK4d691,Top 50 - Bolivia,91434
365,37i9dQZEVXbMXbN3EUUhlg,Top 50 - Brazil,3201747
366,37i9dQZEVXbKj23U1GF4IR,Top 50 - Canada,332480
367,37i9dQZEVXbL0GavIqMTeb,Top 50 - Chile,502544
368,37i9dQZEVXbOa2lmxNORXQ,Top 50 - Colombia,771045
369,37i9dQZEVXbMZAjGMynsQX,Top 50 - Costa Rica,138908
370,37i9dQZEVXbL3J0k32lWnN,Top 50 - Denmark,192786
371,37i9dQZEVXbJlM6nvL1nD1,Top 50 - Ecuador,168750
372,37i9dQZEVXbLesry2Qw2xS,Top 50 - Estonia,16942
373,37i9dQZEVXbMxcczTSoGwZ,Top 50 - Finland,131484
374,37i9dQZEVXbIPWwFssbupI,Top 50 - France,816902
375,37i9dQZEVXbJiZcmkrIHGU,Top 50 - Germany,2130073
376,37i9dQZEVXbMDoHDwVN2tF,Top 50 - Global,17009771
377,37i9dQZEVXbJqdarpmTJDL,Top 50 - Greece,79470
378,37i9dQZEVXbLy5tBFyQvd4,Top 50 - Guatemala,74607
379,37i9dQZEVXbLwpL8TjsxOG,Top 50 - Hong Kong,104853
380,37i9dQZEVXbNHwMxAkvmF8,Top 50 - Hungary,68365
381,37i9dQZEVXbKMzVsSGQ49S,Top 50 - Iceland,39725
382,37i9dQZEVXbLZ52XmnySJg,Top 50 - India,351275
383,37i9dQZEVXbObFQZ3JLcXt,Top 50 - Indonesia,621336
384,37i9dQZEVXbKM896FDX8L1,Top 50 - Ireland,239808
385,37i9dQZEVXbJ6IpvItkve3,Top 50 - Israel,48657
386,37i9dQZEVXbIQnj7RRhdSX,Top 50 - Italy,1025615
387,37i9dQZEVXbKXQ4mDTEBXq,Top 50 - Japan,923279
388,37i9dQZEVXbKGcyg6TFGx6,Top 50 - Luxembourg,7355
389,37i9dQZEVXbJlfUljuZExa,Top 50 - Malaysia,201386
390,37i9dQZEVXbO3qyFxbkOE1,Top 50 - Mexico,1559579
391,37i9dQZEVXbJU9eQpX8gPT,Top 50 - Morocco,24435
392,37i9dQZEVXbKCF6dqVpDkS,Top 50 - Netherlands,903708
393,37i9dQZEVXbM8SIrkERIYl,Top 50 - New Zealand,210688
394,37i9dQZEVXbISk8kxnzfCq,Top 50 - Nicaragua,15543
395,37i9dQZEVXbJvfa0Yxg7E7,Top 50 - Norway,520437
396,37i9dQZEVXbKypXHVwk1f0,Top 50 - Panama,93363
397,37i9dQZEVXbJfdy5b0KP7W,Top 50 - Peru,448529
398,37i9dQZEVXbNBz9cRCSFkY,Top 50 - Philippines,1191816
399,37i9dQZEVXbKyJS56d1pgi,Top 50 - Portugal,195371
400,37i9dQZEVXbNZbJ6TZelCq,Top 50 - Romania,27653
401,37i9dQZEVXbLrQBcXqUtaC,Top 50 - Saudi Arabia,5310
402,37i9dQZEVXbK4gjvS1FjPY,Top 50 - Singapore,129433
403,37i9dQZEVXbKIVTPX9a2Sb,Top 50 - Slovakia,20408
404,37i9dQZEVXbMH2jvi6jvjk,Top 50 - South Africa,31107
405,37i9dQZEVXbNxXF4SkHj9F,Top 50 - South Korea,65278
406,37i9dQZEVXbNFJfN1Vw8d9,Top 50 - Spain,1508335
407,6zFJ2HTXC3d38AgpfcPGph,Top 50 - Suriname,102
408,37i9dQZEVXbLoATJ81JYXz,Top 50 - Sweden,601571
409,37i9dQZEVXbJiyhoAPEfMK,Top 50 - Switzerland,119998
410,37i9dQZEVXbMnZEatlMSiu,Top 50 - Taiwan,197547
411,37i9dQZEVXbMnz8KIWsvf9,Top 50 - Thailand,132543
412,37i9dQZEVXbIVYVBNw9D5K,Top 50 - Turkey,777399
413,37i9dQZEVXbM4UZuIrvHvA,Top 50 - UAE,2805
414,37i9dQZEVXbLRQDuF5jeBp,Top 50 - USA,3414062
415,37i9dQZEVXbKkidEfWYRuD,Top 50 - Ukraine,20206
416,37i9dQZEVXbLnolsZ8PSNw,Top 50 - United Kingdom,2180126
417,37i9dQZEVXbLdGSmz6xilI,Top 50 - Vietnam,75394
418,3seAKhZ9QXirBjL9lazOi4,Top 50 - Zimbabwe,65
419,5atgcoJ9pDa39CzCYdXkRi,Top 50 - Polska,756
420,37i9dQZEVXbMMy2roB9myp,Top 50 - Argentina,1265764
421,37i9dQZEVXbJPcfkRz0wJ0,Top 50 - Australia,807893
422,37i9dQZEVXbKNHh6NIXu36,Top 50 - Austria,117966
423,37i9dQZEVXbJNSeeHswcKB,Top 50 - Belgium,267697
424,37i9dQZEVXbJqfMFK4d691,Top 50 - Bolivia,91453
425,37i9dQZEVXbMXbN3EUUhlg,Top 50 - Brazil,3201867
426,37i9dQZEVXbKj23U1GF4IR,Top 50 - Canada,332462
427,37i9dQZEVXbL0GavIqMTeb,Top 50 - Chile,502720
428,37i9dQZEVXbOa2lmxNORXQ,Top 50 - Colombia,771198
429,37i9dQZEVXbMZAjGMynsQX,Top 50 - Costa Rica,138924
430,37i9dQZEVXbL3J0k32lWnN,Top 50 - Denmark,192795
431,37i9dQZEVXbJlM6nvL1nD1,Top 50 - Ecuador,168794
432,37i9dQZEVXbLesry2Qw2xS,Top 50 - Estonia,16940
433,37i9dQZEVXbMxcczTSoGwZ,Top 50 - Finland,131520
434,37i9dQZEVXbIPWwFssbupI,Top 50 - France,816923
435,37i9dQZEVXbJiZcmkrIHGU,Top 50 - Germany,2130053
436,37i9dQZEVXbMDoHDwVN2tF,Top 50 - Global,17010050
437,37i9dQZEVXbJqdarpmTJDL,Top 50 - Greece,79485
438,37i9dQZEVXbLy5tBFyQvd4,Top 50 - Guatemala,74616
439,37i9dQZEVXbLwpL8TjsxOG,Top 50 - Hong Kong,104875
440,37i9dQZEVXbNHwMxAkvmF8,Top 50 - Hungary,68368
441,37i9dQZEVXbKMzVsSGQ49S,Top 50 - Iceland,39730
442,37i9dQZEVXbLZ52XmnySJg,Top 50 - India,351458
443,37i9dQZEVXbObFQZ3JLcXt,Top 50 - Indonesia,621453
444,37i9dQZEVXbKM896FDX8L1,Top 50 - Ireland,239812
445,37i9dQZEVXbJ6IpvItkve3,Top 50 - Israel,48668
446,37i9dQZEVXbIQnj7RRhdSX,Top 50 - Italy,1025691
447,37i9dQZEVXbKXQ4mDTEBXq,Top 50 - Japan,923717
448,37i9dQZEVXbKGcyg6TFGx6,Top 50 - Luxembourg,7356
449,37i9dQZEVXbJlfUljuZExa,Top 50 - Malaysia,201397
450,37i9dQZEVXbO3qyFxbkOE1,Top 50 - Mexico,1559835
451,37i9dQZEVXbJU9eQpX8gPT,Top 50 - Morocco,24466
452,37i9dQZEVXbKCF6dqVpDkS,Top 50 - Netherlands,903693
453,37i9dQZEVXbM8SIrkERIYl,Top 50 - New Zealand,210675
454,37i9dQZEVXbISk8kxnzfCq,Top 50 - Nicaragua,15545
455,37i9dQZEVXbJvfa0Yxg7E7,Top 50 - Norway,520458
456,37i9dQZEVXbKypXHVwk1f0,Top 50 - Panama,93367
457,37i9dQZEVXbJfdy5b0KP7W,Top 50 - Peru,448563
458,37i9dQZEVXbNBz9cRCSFkY,Top 50 - Philippines,1191933
459,37i9dQZEVXbKyJS56d1pgi,Top 50 - Portugal,195397
460,37i9dQZEVXbNZbJ6TZelCq,Top 50 - Romania,27660
461,37i9dQZEVXbLrQBcXqUtaC,Top 50 - Saudi Arabia,5318
462,37i9dQZEVXbK4gjvS1FjPY,Top 50 - Singapore,129442
463,37i9dQZEVXbKIVTPX9a2Sb,Top 50 - Slovakia,20408
464,37i9dQZEVXbMH2jvi6jvjk,Top 50 - South Africa,31113
465,37i9dQZEVXbNxXF4SkHj9F,Top 50 - South Korea,65368
466,37i9dQZEVXbNFJfN1Vw8d9,Top 50 - Spain,1508596
467,6zFJ2HTXC3d38AgpfcPGph,Top 50 - Suriname,102
468,37i9dQZEVXbLoATJ81JYXz,Top 50 - Sweden,601598
469,37i9dQZEVXbJiyhoAPEfMK,Top 50 - Switzerland,120005
470,37i9dQZEVXbMnZEatlMSiu,Top 50 - Taiwan,197583
471,37i9dQZEVXbMnz8KIWsvf9,Top 50 - Thailand,132588
472,37i9dQZEVXbIVYVBNw9D5K,Top 50 - Turkey,777429
473,37i9dQZEVXbM4UZuIrvHvA,Top 50 - UAE,2756
474,37i9dQZEVXbLRQDuF5jeBp,Top 50 - USA,3413923
475,37i9dQZEVXbKkidEfWYRuD,Top 50 - Ukraine,20210
476,37i9dQZEVXbLnolsZ8PSNw,Top 50 - United Kingdom,2180042
477,37i9dQZEVXbLdGSmz6xilI,Top 50 - Vietnam,75409
478,3seAKhZ9QXirBjL9lazOi4,Top 50 - Zimbabwe,65
479,5atgcoJ9pDa39CzCYdXkRi,Top 50 - Polska,758
480,37i9dQZEVXbMMy2roB9myp,Top 50 - Argentina,1266066
481,37i9dQZEVXbJPcfkRz0wJ0,Top 50 - Australia,807918
482,37i9dQZEVXbKNHh6NIXu36,Top 50 - Austria,117960
483,37i9dQZEVXbJNSeeHswcKB,Top 50 - Belgium,267707
484,37i9dQZEVXbJqfMFK4d691,Top 50 - Bolivia,91472
485,37i9dQZEVXbMXbN3EUUhlg,Top 50 - Brazil,3202104
486,37i9dQZEVXbKj23U1GF4IR,Top 50 - Canada,332466
487,37i9dQZEVXbL0GavIqMTeb,Top 50 - Chile,502888
488,37i9dQZEVXbOa2lmxNORXQ,Top 50 - Colombia,771355
489,37i9dQZEVXbMZAjGMynsQX,Top 50 - Costa Rica,138934
490,37i9dQZEVXbL3J0k32lWnN,Top 50 - Denmark,192804
491,37i9dQZEVXbJlM6nvL1nD1,Top 50 - Ecuador,168815
492,37i9dQZEVXbLesry2Qw2xS,Top 50 - Estonia,16940
493,37i9dQZEVXbMxcczTSoGwZ,Top 50 - Finland,131552
494,37i9dQZEVXbIPWwFssbupI,Top 50 - France,817009
495,37i9dQZEVXbJiZcmkrIHGU,Top 50 - Germany,2130072
496,37i9dQZEVXbMDoHDwVN2tF,Top 50 - Global,17010515
497,37i9dQZEVXbJqdarpmTJDL,Top 50 - Greece,79507
498,37i9dQZEVXbLy5tBFyQvd4,Top 50 - Guatemala,74634
499,37i9dQZEVXbLwpL8TjsxOG,Top 50 - Hong Kong,104899
500,37i9dQZEVXbNHwMxAkvmF8,Top 50 - Hungary,68385
501,37i9dQZEVXbKMzVsSGQ49S,Top 50 - Iceland,39733
502,37i9dQZEVXbLZ52XmnySJg,Top 50 - India,351670
503,37i9dQZEVXbObFQZ3JLcXt,Top 50 - Indonesia,621597
504,37i9dQZEVXbKM896FDX8L1,Top 50 - Ireland,239814
505,37i9dQZEVXbJ6IpvItkve3,Top 50 - Israel,48683
506,37i9dQZEVXbIQnj7RRhdSX,Top 50 - Italy,1025814
507,37i9dQZEVXbKXQ4mDTEBXq,Top 50 - Japan,924216
508,37i9dQZEVXbKGcyg6TFGx6,Top 50 - Luxembourg,7357
509,37i9dQZEVXbJlfUljuZExa,Top 50 - Malaysia,201422
510,37i9dQZEVXbO3qyFxbkOE1,Top 50 - Mexico,1560152
511,37i9dQZEVXbJU9eQpX8gPT,Top 50 - Morocco,24489
512,37i9dQZEVXbKCF6dqVpDkS,Top 50 - Netherlands,903699
513,37i9dQZEVXbM8SIrkERIYl,Top 50 - New Zealand,210686
514,37i9dQZEVXbISk8kxnzfCq,Top 50 - Nicaragua,15549
515,37i9dQZEVXbJvfa0Yxg7E7,Top 50 - Norway,520508
516,37i9dQZEVXbKypXHVwk1f0,Top 50 - Panama,93376
517,37i9dQZEVXbJfdy5b0KP7W,Top 50 - Peru,448594
518,37i9dQZEVXbNBz9cRCSFkY,Top 50 - Philippines,1192085
519,37i9dQZEVXbKyJS56d1pgi,Top 50 - Portugal,195423
520,37i9dQZEVXbNZbJ6TZelCq,Top 50 - Romania,27676
521,37i9dQZEVXbLrQBcXqUtaC,Top 50 - Saudi Arabia,5324
522,37i9dQZEVXbK4gjvS1FjPY,Top 50 - Singapore,129448
523,37i9dQZEVXbKIVTPX9a2Sb,Top 50 - Slovakia,20410
524,37i9dQZEVXbMH2jvi6jvjk,Top 50 - South Africa,31122
525,37i9dQZEVXbNxXF4SkHj9F,Top 50 - South Korea,65441
526,37i9dQZEVXbNFJfN1Vw8d9,Top 50 - Spain,1508927
527,6zFJ2HTXC3d38AgpfcPGph,Top 50 - Suriname,104
528,37i9dQZEVXbLoATJ81JYXz,Top 50 - Sweden,601650
529,37i9dQZEVXbJiyhoAPEfMK,Top 50 - Switzerland,120010
530,37i9dQZEVXbMnZEatlMSiu,Top 50 - Taiwan,197629
531,37i9dQZEVXbMnz8KIWsvf9,Top 50 - Thailand,132650
532,37i9dQZEVXbIVYVBNw9D5K,Top 50 - Turkey,777560
533,37i9dQZEVXbM4UZuIrvHvA,Top 50 - UAE,2752
534,37i9dQZEVXbLRQDuF5jeBp,Top 50 - USA,3413909
535,37i9dQZEVXbKkidEfWYRuD,Top 50 - Ukraine,20239
536,37i9dQZEVXbLnolsZ8PSNw,Top 50 - United Kingdom,2180014
537,37i9dQZEVXbLdGSmz6xilI,Top 50 - Vietnam,75433
538,3seAKhZ9QXirBjL9lazOi4,Top 50 - Zimbabwe,67
539,5atgcoJ9pDa39CzCYdXkRi,Top 50 - Polska,758
540,37i9dQZEVXbMMy2roB9myp,Top 50 - Argentina,1266447
541,37i9dQZEVXbJPcfkRz0wJ0,Top 50 - Australia,807953
542,37i9dQZEVXbKNHh6NIXu36,Top 50 - Austria,117962
543,37i9dQZEVXbJNSeeHswcKB,Top 50 - Belgium,267727
544,37i9dQZEVXbJqfMFK4d691,Top 50 - Bolivia,91493
545,37i9dQZEVXbMXbN3EUUhlg,Top 50 - Brazil,3202512
546,37i9dQZEVXbKj23U1GF4IR,Top 50 - Canada,332455
547,37i9dQZEVXbL0GavIqMTeb,Top 50 - Chile,503045
548,37i9dQZEVXbOa2lmxNORXQ,Top 50 - Colombia,771527
549,37i9dQZEVXbMZAjGMynsQX,Top 50 - Costa Rica,138960
550,37i9dQZEVXbL3J0k32lWnN,Top 50 - Denmark,192820
551,37i9dQZEVXbJlM6nvL1nD1,Top 50 - Ecuador,168847
552,37i9dQZEVXbLesry2Qw2xS,Top 50 - Estonia,16942
553,37i9dQZEVXbMxcczTSoGwZ,Top 50 - Finland,131589
554,37i9dQZEVXbIPWwFssbupI,Top 50 - France,817066
555,37i9dQZEVXbJiZcmkrIHGU,Top 50 - Germany,2130127
556,37i9dQZEVXbMDoHDwVN2tF,Top 50 - Global,17011192
557,37i9dQZEVXbJqdarpmTJDL,Top 50 - Greece,79540
558,37i9dQZEVXbLy5tBFyQvd4,Top 50 - Guatemala,74648
559,37i9dQZEVXbLwpL8TjsxOG,Top 50 - Hong Kong,104927
560,37i9dQZEVXbNHwMxAkvmF8,Top 50 - Hungary,68392
561,37i9dQZEVXbKMzVsSGQ49S,Top 50 - Iceland,39734
562,37i9dQZEVXbLZ52XmnySJg,Top 50 - India,351903
563,37i9dQZEVXbObFQZ3JLcXt,Top 50 - Indonesia,621788
564,37i9dQZEVXbKM896FDX8L1,Top 50 - Ireland,239825
565,37i9dQZEVXbJ6IpvItkve3,Top 50 - Israel,48692
566,37i9dQZEVXbIQnj7RRhdSX,Top 50 - Italy,1025965
567,37i9dQZEVXbKXQ4mDTEBXq,Top 50 - Japan,924775
568,37i9dQZEVXbKGcyg6TFGx6,Top 50 - Luxembourg,7359
569,37i9dQZEVXbJlfUljuZExa,Top 50 - Malaysia,201457
570,37i9dQZEVXbO3qyFxbkOE1,Top 50 - Mexico,1560580
571,37i9dQZEVXbJU9eQpX8gPT,Top 50 - Morocco,24523
572,37i9dQZEVXbKCF6dqVpDkS,Top 50 - Netherlands,903701
573,37i9dQZEVXbM8SIrkERIYl,Top 50 - New Zealand,210698
574,37i9dQZEVXbISk8kxnzfCq,Top 50 - Nicaragua,15554
575,37i9dQZEVXbJvfa0Yxg7E7,Top 50 - Norway,520550
576,37i9dQZEVXbKypXHVwk1f0,Top 50 - Panama,93386
577,37i9dQZEVXbJfdy5b0KP7W,Top 50 - Peru,448644
578,37i9dQZEVXbNBz9cRCSFkY,Top 50 - Philippines,1192238
579,37i9dQZEVXbKyJS56d1pgi,Top 50 - Portugal,195447
580,37i9dQZEVXbNZbJ6TZelCq,Top 50 - Romania,27692
581,37i9dQZEVXbLrQBcXqUtaC,Top 50 - Saudi Arabia,5329
582,37i9dQZEVXbK4gjvS1FjPY,Top 50 - Singapore,129476
583,37i9dQZEVXbKIVTPX9a2Sb,Top 50 - Slovakia,20413
584,37i9dQZEVXbMH2jvi6jvjk,Top 50 - South Africa,31129
585,37i9dQZEVXbNxXF4SkHj9F,Top 50 - South Korea,65528
586,37i9dQZEVXbNFJfN1Vw8d9,Top 50 - Spain,1509175
587,6zFJ2HTXC3d38AgpfcPGph,Top 50 - Suriname,105
588,37i9dQZEVXbLoATJ81JYXz,Top 50 - Sweden,601699
589,37i9dQZEVXbJiyhoAPEfMK,Top 50 - Switzerland,120029
590,37i9dQZEVXbMnZEatlMSiu,Top 50 - Taiwan,197676
591,37i9dQZEVXbMnz8KIWsvf9,Top 50 - Thailand,132715
592,37i9dQZEVXbIVYVBNw9D5K,Top 50 - Turkey,777710
593,37i9dQZEVXbM4UZuIrvHvA,Top 50 - UAE,2756
594,37i9dQZEVXbLRQDuF5jeBp,Top 50 - USA,3413922
595,37i9dQZEVXbKkidEfWYRuD,Top 50 - Ukraine,20265
596,37i9dQZEVXbLnolsZ8PSNw,Top 50 - United Kingdom,2180007
597,37i9dQZEVXbLdGSmz6xilI,Top 50 - Vietnam,75455
598,5atgcoJ9pDa39CzCYdXkRi,Top 50 - Polska,758
599,3seAKhZ9QXirBjL9lazOi4,Top 50+ Zimbabwe,67
600,37i9dQZEVXbMMy2roB9myp,Top 50 - Argentina,1266834
601,37i9dQZEVXbJPcfkRz0wJ0,Top 50 - Australia,808014
602,37i9dQZEVXbKNHh6NIXu36,Top 50 - Austria,117971
603,37i9dQZEVXbJNSeeHswcKB,Top 50 - Belgium,267753
604,37i9dQZEVXbJqfMFK4d691,Top 50 - Bolivia,91519
605,37i9dQZEVXbMXbN3EUUhlg,Top 50 - Brazil,3203046
606,37i9dQZEVXbKj23U1GF4IR,Top 50 - Canada,332459
607,37i9dQZEVXbL0GavIqMTeb,Top 50 - Chile,503244
608,37i9dQZEVXbOa2lmxNORXQ,Top 50 - Colombia,771708
609,37i9dQZEVXbMZAjGMynsQX,Top 50 - Costa Rica,138982
610,37i9dQZEVXbL3J0k32lWnN,Top 50 - Denmark,192867
611,37i9dQZEVXbJlM6nvL1nD1,Top 50 - Ecuador,168883
612,37i9dQZEVXbLesry2Qw2xS,Top 50 - Estonia,16942
613,37i9dQZEVXbMxcczTSoGwZ,Top 50 - Finland,131609
614,37i9dQZEVXbIPWwFssbupI,Top 50 - France,817134
615,37i9dQZEVXbJiZcmkrIHGU,Top 50 - Germany,2130223
616,37i9dQZEVXbMDoHDwVN2tF,Top 50 - Global,17011960
617,37i9dQZEVXbJqdarpmTJDL,Top 50 - Greece,79554
618,37i9dQZEVXbLy5tBFyQvd4,Top 50 - Guatemala,74659
619,37i9dQZEVXbLwpL8TjsxOG,Top 50 - Hong Kong,104946
620,37i9dQZEVXbNHwMxAkvmF8,Top 50 - Hungary,68401
621,37i9dQZEVXbKMzVsSGQ49S,Top 50 - Iceland,39738
622,37i9dQZEVXbLZ52XmnySJg,Top 50 - India,352139
623,37i9dQZEVXbObFQZ3JLcXt,Top 50 - Indonesia,621969
624,37i9dQZEVXbKM896FDX8L1,Top 50 - Ireland,239829
625,37i9dQZEVXbJ6IpvItkve3,Top 50 - Israel,48709
626,37i9dQZEVXbIQnj7RRhdSX,Top 50 - Italy,1026068
627,37i9dQZEVXbKXQ4mDTEBXq,Top 50 - Japan,925334
628,37i9dQZEVXbKGcyg6TFGx6,Top 50 - Luxembourg,7358
629,37i9dQZEVXbJlfUljuZExa,Top 50 - Malaysia,201483
630,37i9dQZEVXbO3qyFxbkOE1,Top 50 - Mexico,1560978
631,37i9dQZEVXbJU9eQpX8gPT,Top 50 - Morocco,24551
632,37i9dQZEVXbKCF6dqVpDkS,Top 50 - Netherlands,903736
633,37i9dQZEVXbM8SIrkERIYl,Top 50 - New Zealand,210711
634,37i9dQZEVXbISk8kxnzfCq,Top 50 - Nicaragua,15562
635,37i9dQZEVXbJvfa0Yxg7E7,Top 50 - Norway,520629
636,37i9dQZEVXbKypXHVwk1f0,Top 50 - Panama,93389
637,37i9dQZEVXbJfdy5b0KP7W,Top 50 - Peru,448695
638,37i9dQZEVXbNBz9cRCSFkY,Top 50 - Philippines,1192423
639,37i9dQZEVXbKyJS56d1pgi,Top 50 - Portugal,195484
640,37i9dQZEVXbNZbJ6TZelCq,Top 50 - Romania,27708
641,37i9dQZEVXbLrQBcXqUtaC,Top 50 - Saudi Arabia,5333
642,37i9dQZEVXbK4gjvS1FjPY,Top 50 - Singapore,129488
643,37i9dQZEVXbKIVTPX9a2Sb,Top 50 - Slovakia,20417
644,37i9dQZEVXbMH2jvi6jvjk,Top 50 - South Africa,31138
645,37i9dQZEVXbNxXF4SkHj9F,Top 50 - South Korea,65606
646,37i9dQZEVXbNFJfN1Vw8d9,Top 50 - Spain,1509452
647,6zFJ2HTXC3d38AgpfcPGph,Top 50 - Suriname,105
648,37i9dQZEVXbLoATJ81JYXz,Top 50 - Sweden,601772
649,37i9dQZEVXbJiyhoAPEfMK,Top 50 - Switzerland,120043
650,37i9dQZEVXbMnZEatlMSiu,Top 50 - Taiwan,197699
651,37i9dQZEVXbMnz8KIWsvf9,Top 50 - Thailand,132786
652,37i9dQZEVXbIVYVBNw9D5K,Top 50 - Turkey,777812
653,37i9dQZEVXbM4UZuIrvHvA,Top 50 - UAE,2758
654,37i9dQZEVXbLRQDuF5jeBp,Top 50 - USA,3413950
655,37i9dQZEVXbKkidEfWYRuD,Top 50 - Ukraine,20292
656,37i9dQZEVXbLnolsZ8PSNw,Top 50 - United Kingdom,2180029
657,37i9dQZEVXbLdGSmz6xilI,Top 50 - Vietnam,75481
658,5atgcoJ9pDa39CzCYdXkRi,Top 50 - Polska,758
659,3seAKhZ9QXirBjL9lazOi4,Top 50+ Zimbabwe,74
660,37i9dQZEVXbMMy2roB9myp,Top 50 - Argentina,1267359
661,37i9dQZEVXbJPcfkRz0wJ0,Top 50 - Australia,808080
662,37i9dQZEVXbKNHh6NIXu36,Top 50 - Austria,117970
663,37i9dQZEVXbJNSeeHswcKB,Top 50 - Belgium,267779
664,37i9dQZEVXbJqfMFK4d691,Top 50 - Bolivia,91544
665,37i9dQZEVXbMXbN3EUUhlg,Top 50 - Brazil,3203865
666,37i9dQZEVXbKj23U1GF4IR,Top 50 - Canada,332471
667,37i9dQZEVXbL0GavIqMTeb,Top 50 - Chile,503473
668,37i9dQZEVXbOa2lmxNORXQ,Top 50 - Colombia,771922
669,37i9dQZEVXbMZAjGMynsQX,Top 50 - Costa Rica,139010
670,37i9dQZEVXbL3J0k32lWnN,Top 50 - Denmark,192921
671,37i9dQZEVXbJlM6nvL1nD1,Top 50 - Ecuador,168901
672,37i9dQZEVXbLesry2Qw2xS,Top 50 - Estonia,16948
673,37i9dQZEVXbMxcczTSoGwZ,Top 50 - Finland,131676
674,37i9dQZEVXbIPWwFssbupI,Top 50 - France,817198
675,37i9dQZEVXbJiZcmkrIHGU,Top 50 - Germany,2130344
676,37i9dQZEVXbMDoHDwVN2tF,Top 50 - Global,17013055
677,37i9dQZEVXbJqdarpmTJDL,Top 50 - Greece,79596
678,37i9dQZEVXbLy5tBFyQvd4,Top 50 - Guatemala,74667
679,37i9dQZEVXbLwpL8TjsxOG,Top 50 - Hong Kong,104968
680,37i9dQZEVXbNHwMxAkvmF8,Top 50 - Hungary,68411
681,37i9dQZEVXbKMzVsSGQ49S,Top 50 - Iceland,39746
682,37i9dQZEVXbLZ52XmnySJg,Top 50 - India,352383
683,37i9dQZEVXbObFQZ3JLcXt,Top 50 - Indonesia,622172
684,37i9dQZEVXbKM896FDX8L1,Top 50 - Ireland,239839
685,37i9dQZEVXbJ6IpvItkve3,Top 50 - Israel,48733
686,37i9dQZEVXbIQnj7RRhdSX,Top 50 - Italy,1026211
687,37i9dQZEVXbKXQ4mDTEBXq,Top 50 - Japan,925954
688,37i9dQZEVXbKGcyg6TFGx6,Top 50 - Luxembourg,7363
689,37i9dQZEVXbJlfUljuZExa,Top 50 - Malaysia,201517
690,37i9dQZEVXbO3qyFxbkOE1,Top 50 - Mexico,1561390
691,37i9dQZEVXbJU9eQpX8gPT,Top 50 - Morocco,24576
692,37i9dQZEVXbKCF6dqVpDkS,Top 50 - Netherlands,903797
693,37i9dQZEVXbM8SIrkERIYl,Top 50 - New Zealand,210726
694,37i9dQZEVXbISk8kxnzfCq,Top 50 - Nicaragua,15569
695,37i9dQZEVXbJvfa0Yxg7E7,Top 50 - Norway,520730
696,37i9dQZEVXbKypXHVwk1f0,Top 50 - Panama,93392
697,37i9dQZEVXbJfdy5b0KP7W,Top 50 - Peru,448784
698,37i9dQZEVXbNBz9cRCSFkY,Top 50 - Philippines,1192603
699,37i9dQZEVXbKyJS56d1pgi,Top 50 - Portugal,195528
700,37i9dQZEVXbNZbJ6TZelCq,Top 50 - Romania,27725
701,37i9dQZEVXbLrQBcXqUtaC,Top 50 - Saudi Arabia,5345
702,37i9dQZEVXbK4gjvS1FjPY,Top 50 - Singapore,129517
703,37i9dQZEVXbKIVTPX9a2Sb,Top 50 - Slovakia,20416
704,37i9dQZEVXbMH2jvi6jvjk,Top 50 - South Africa,31152
705,37i9dQZEVXbNxXF4SkHj9F,Top 50 - South Korea,65688
706,37i9dQZEVXbNFJfN1Vw8d9,Top 50 - Spain,1509788
707,6zFJ2HTXC3d38AgpfcPGph,Top 50 - Suriname,105
708,37i9dQZEVXbLoATJ81JYXz,Top 50 - Sweden,601883
709,37i9dQZEVXbJiyhoAPEfMK,Top 50 - Switzerland,120055
710,37i9dQZEVXbMnZEatlMSiu,Top 50 - Taiwan,197747
711,37i9dQZEVXbMnz8KIWsvf9,Top 50 - Thailand,132845
712,37i9dQZEVXbIVYVBNw9D5K,Top 50 - Turkey,777950
713,37i9dQZEVXbM4UZuIrvHvA,Top 50 - UAE,2758
714,37i9dQZEVXbLRQDuF5jeBp,Top 50 - USA,3413953
715,37i9dQZEVXbKkidEfWYRuD,Top 50 - Ukraine,20312
716,37i9dQZEVXbLnolsZ8PSNw,Top 50 - United Kingdom,2180046
717,37i9dQZEVXbLdGSmz6xilI,Top 50 - Vietnam,75515
718,5atgcoJ9pDa39CzCYdXkRi,Top 50 - Polska,758
719,3seAKhZ9QXirBjL9lazOi4,Top 50+ Zimbabwe,77
720,37i9dQZEVXbMMy2roB9myp,Top 50 - Argentina,1268482
721,37i9dQZEVXbJPcfkRz0wJ0,Top 50 - Australia,808143
722,37i9dQZEVXbKNHh6NIXu36,Top 50 - Austria,117980
723,37i9dQZEVXbJNSeeHswcKB,Top 50 - Belgium,267796
724,37i9dQZEVXbJqfMFK4d691,Top 50 - Bolivia,91561
725,37i9dQZEVXbMXbN3EUUhlg,Top 50 - Brazil,3204836
726,37i9dQZEVXbKj23U1GF4IR,Top 50 - Canada,332476
727,37i9dQZEVXbL0GavIqMTeb,Top 50 - Chile,503707
728,37i9dQZEVXbOa2lmxNORXQ,Top 50 - Colombia,772200
729,37i9dQZEVXbMZAjGMynsQX,Top 50 - Costa Rica,139052
730,37i9dQZEVXbL3J0k32lWnN,Top 50 - Denmark,192956
731,37i9dQZEVXbJlM6nvL1nD1,Top 50 - Ecuador,168942
732,37i9dQZEVXbLesry2Qw2xS,Top 50 - Estonia,16956
733,37i9dQZEVXbMxcczTSoGwZ,Top 50 - Finland,131740
734,37i9dQZEVXbIPWwFssbupI,Top 50 - France,817265
735,37i9dQZEVXbJiZcmkrIHGU,Top 50 - Germany,2130457
736,37i9dQZEVXbMDoHDwVN2tF,Top 50 - Global,17014273
737,37i9dQZEVXbJqdarpmTJDL,Top 50 - Greece,79633
738,37i9dQZEVXbLy5tBFyQvd4,Top 50 - Guatemala,74691
739,37i9dQZEVXbLwpL8TjsxOG,Top 50 - Hong Kong,105002
740,37i9dQZEVXbNHwMxAkvmF8,Top 50 - Hungary,68430
741,37i9dQZEVXbKMzVsSGQ49S,Top 50 - Iceland,39751
742,37i9dQZEVXbLZ52XmnySJg,Top 50 - India,352661
743,37i9dQZEVXbObFQZ3JLcXt,Top 50 - Indonesia,622377
744,37i9dQZEVXbKM896FDX8L1,Top 50 - Ireland,239853
745,37i9dQZEVXbJ6IpvItkve3,Top 50 - Israel,48746
746,37i9dQZEVXbIQnj7RRhdSX,Top 50 - Italy,1026328
747,37i9dQZEVXbKXQ4mDTEBXq,Top 50 - Japan,926676
748,37i9dQZEVXbKGcyg6TFGx6,Top 50 - Luxembourg,7364
749,37i9dQZEVXbJlfUljuZExa,Top 50 - Malaysia,201549
750,37i9dQZEVXbO3qyFxbkOE1,Top 50 - Mexico,1561827
751,37i9dQZEVXbJU9eQpX8gPT,Top 50 - Morocco,24639
752,37i9dQZEVXbKCF6dqVpDkS,Top 50 - Netherlands,903851
753,37i9dQZEVXbM8SIrkERIYl,Top 50 - New Zealand,210741
754,37i9dQZEVXbISk8kxnzfCq,Top 50 - Nicaragua,15575
755,37i9dQZEVXbJvfa0Yxg7E7,Top 50 - Norway,520807
756,37i9dQZEVXbKypXHVwk1f0,Top 50 - Panama,93411
757,37i9dQZEVXbJfdy5b0KP7W,Top 50 - Peru,448857
758,37i9dQZEVXbNBz9cRCSFkY,Top 50 - Philippines,1192786
759,37i9dQZEVXbKyJS56d1pgi,Top 50 - Portugal,195574
760,37i9dQZEVXbNZbJ6TZelCq,Top 50 - Romania,27738
761,37i9dQZEVXbLrQBcXqUtaC,Top 50 - Saudi Arabia,5355
762,37i9dQZEVXbK4gjvS1FjPY,Top 50 - Singapore,129529
763,37i9dQZEVXbKIVTPX9a2Sb,Top 50 - Slovakia,20418
764,37i9dQZEVXbMH2jvi6jvjk,Top 50 - South Africa,31164
765,37i9dQZEVXbNxXF4SkHj9F,Top 50 - South Korea,65809
766,37i9dQZEVXbNFJfN1Vw8d9,Top 50 - Spain,1510131
767,6zFJ2HTXC3d38AgpfcPGph,Top 50 - Suriname,105
768,37i9dQZEVXbLoATJ81JYXz,Top 50 - Sweden,601953
769,37i9dQZEVXbJiyhoAPEfMK,Top 50 - Switzerland,120060
770,37i9dQZEVXbMnZEatlMSiu,Top 50 - Taiwan,197790
771,37i9dQZEVXbMnz8KIWsvf9,Top 50 - Thailand,132914
772,37i9dQZEVXbIVYVBNw9D5K,Top 50 - Turkey,778099
773,37i9dQZEVXbM4UZuIrvHvA,Top 50 - UAE,2760
774,37i9dQZEVXbLRQDuF5jeBp,Top 50 - USA,3413987
775,37i9dQZEVXbKkidEfWYRuD,Top 50 - Ukraine,20341
776,37i9dQZEVXbLnolsZ8PSNw,Top 50 - United Kingdom,2180087
777,37i9dQZEVXbLdGSmz6xilI,Top 50 - Vietnam,75553
778,5atgcoJ9pDa39CzCYdXkRi,Top 50 - Polska,758
779,3seAKhZ9QXirBjL9lazOi4,Top 50+ Zimbabwe,81
780,37i9dQZEVXbMMy2roB9myp,Top 50 - Argentina,1269205
781,37i9dQZEVXbJPcfkRz0wJ0,Top 50 - Australia,808163
782,37i9dQZEVXbKNHh6NIXu36,Top 50 - Austria,117987
783,37i9dQZEVXbJNSeeHswcKB,Top 50 - Belgium,267819
784,37i9dQZEVXbJqfMFK4d691,Top 50 - Bolivia,91576
785,37i9dQZEVXbMXbN3EUUhlg,Top 50 - Brazil,3205479
786,37i9dQZEVXbKj23U1GF4IR,Top 50 - Canada,332478
787,37i9dQZEVXbL0GavIqMTeb,Top 50 - Chile,503874
788,37i9dQZEVXbOa2lmxNORXQ,Top 50 - Colombia,772434
789,37i9dQZEVXbMZAjGMynsQX,Top 50 - Costa Rica,139077
790,37i9dQZEVXbL3J0k32lWnN,Top 50 - Denmark,192996
791,37i9dQZEVXbJlM6nvL1nD1,Top 50 - Ecuador,168977
792,37i9dQZEVXbLesry2Qw2xS,Top 50 - Estonia,16955
793,37i9dQZEVXbMxcczTSoGwZ,Top 50 - Finland,131787
794,37i9dQZEVXbIPWwFssbupI,Top 50 - France,817325
795,37i9dQZEVXbJiZcmkrIHGU,Top 50 - Germany,2130561
796,37i9dQZEVXbMDoHDwVN2tF,Top 50 - Global,17015131
797,37i9dQZEVXbJqdarpmTJDL,Top 50 - Greece,79689
798,37i9dQZEVXbLy5tBFyQvd4,Top 50 - Guatemala,74706
799,37i9dQZEVXbLwpL8TjsxOG,Top 50 - Hong Kong,105034
800,37i9dQZEVXbNHwMxAkvmF8,Top 50 - Hungary,68444
801,37i9dQZEVXbKMzVsSGQ49S,Top 50 - Iceland,39756
802,37i9dQZEVXbLZ52XmnySJg,Top 50 - India,352922
803,37i9dQZEVXbObFQZ3JLcXt,Top 50 - Indonesia,622579
804,37i9dQZEVXbKM896FDX8L1,Top 50 - Ireland,239846
805,37i9dQZEVXbJ6IpvItkve3,Top 50 - Israel,48769
806,37i9dQZEVXbIQnj7RRhdSX,Top 50 - Italy,1026446
807,37i9dQZEVXbKXQ4mDTEBXq,Top 50 - Japan,927430
808,37i9dQZEVXbKGcyg6TFGx6,Top 50 - Luxembourg,7369
809,37i9dQZEVXbJlfUljuZExa,Top 50 - Malaysia,201599
810,37i9dQZEVXbO3qyFxbkOE1,Top 50 - Mexico,1562202
811,37i9dQZEVXbJU9eQpX8gPT,Top 50 - Morocco,24682
812,37i9dQZEVXbKCF6dqVpDkS,Top 50 - Netherlands,903852
813,37i9dQZEVXbM8SIrkERIYl,Top 50 - New Zealand,210738
814,37i9dQZEVXbISk8kxnzfCq,Top 50 - Nicaragua,15578
815,37i9dQZEVXbJvfa0Yxg7E7,Top 50 - Norway,520867
816,37i9dQZEVXbKypXHVwk1f0,Top 50 - Panama,93424
817,37i9dQZEVXbJfdy5b0KP7W,Top 50 - Peru,448904
818,37i9dQZEVXbNBz9cRCSFkY,Top 50 - Philippines,1192981
819,37i9dQZEVXbKyJS56d1pgi,Top 50 - Portugal,195621
820,37i9dQZEVXbNZbJ6TZelCq,Top 50 - Romania,27749
821,37i9dQZEVXbLrQBcXqUtaC,Top 50 - Saudi Arabia,5360
822,37i9dQZEVXbK4gjvS1FjPY,Top 50 - Singapore,129545
823,37i9dQZEVXbKIVTPX9a2Sb,Top 50 - Slovakia,20419
824,37i9dQZEVXbMH2jvi6jvjk,Top 50 - South Africa,31171
825,37i9dQZEVXbNxXF4SkHj9F,Top 50 - South Korea,65876
826,37i9dQZEVXbNFJfN1Vw8d9,Top 50 - Spain,1510434
827,6zFJ2HTXC3d38AgpfcPGph,Top 50 - Suriname,105
828,37i9dQZEVXbLoATJ81JYXz,Top 50 - Sweden,602032
829,37i9dQZEVXbJiyhoAPEfMK,Top 50 - Switzerland,120061
830,37i9dQZEVXbMnZEatlMSiu,Top 50 - Taiwan,197848
831,37i9dQZEVXbMnz8KIWsvf9,Top 50 - Thailand,132988
832,37i9dQZEVXbIVYVBNw9D5K,Top 50 - Turkey,778150
833,37i9dQZEVXbM4UZuIrvHvA,Top 50 - UAE,2730
834,37i9dQZEVXbLRQDuF5jeBp,Top 50 - USA,3413969
835,37i9dQZEVXbKkidEfWYRuD,Top 50 - Ukraine,20360
836,37i9dQZEVXbLnolsZ8PSNw,Top 50 - United Kingdom,2180039
837,37i9dQZEVXbLdGSmz6xilI,Top 50 - Vietnam,75594
838,5atgcoJ9pDa39CzCYdXkRi,Top 50 - Polska,758
839,3seAKhZ9QXirBjL9lazOi4,Top 50+ Zimbabwe,83
840,37i9dQZEVXbMMy2roB9myp,Top 50 - Argentina,1269687
841,37i9dQZEVXbJPcfkRz0wJ0,Top 50 - Australia,808209
842,37i9dQZEVXbKNHh6NIXu36,Top 50 - Austria,117994
843,37i9dQZEVXbJNSeeHswcKB,Top 50 - Belgium,267815
844,37i9dQZEVXbJqfMFK4d691,Top 50 - Bolivia,91586
845,37i9dQZEVXbMXbN3EUUhlg,Top 50 - Brazil,3206017
846,37i9dQZEVXbKj23U1GF4IR,Top 50 - Canada,332487
847,37i9dQZEVXbL0GavIqMTeb,Top 50 - Chile,504043
848,37i9dQZEVXbOa2lmxNORXQ,Top 50 - Colombia,772637
849,37i9dQZEVXbMZAjGMynsQX,Top 50 - Costa Rica,139107
850,37i9dQZEVXbL3J0k32lWnN,Top 50 - Denmark,193029
851,37i9dQZEVXbJlM6nvL1nD1,Top 50 - Ecuador,169018
852,37i9dQZEVXbLesry2Qw2xS,Top 50 - Estonia,16961
853,37i9dQZEVXbMxcczTSoGwZ,Top 50 - Finland,131831
854,37i9dQZEVXbIPWwFssbupI,Top 50 - France,817393
855,37i9dQZEVXbJiZcmkrIHGU,Top 50 - Germany,2130662
856,37i9dQZEVXbMDoHDwVN2tF,Top 50 - Global,17016034
857,37i9dQZEVXbJqdarpmTJDL,Top 50 - Greece,79727
858,37i9dQZEVXbLy5tBFyQvd4,Top 50 - Guatemala,74719
859,37i9dQZEVXbLwpL8TjsxOG,Top 50 - Hong Kong,105065
860,37i9dQZEVXbNHwMxAkvmF8,Top 50 - Hungary,68447
861,37i9dQZEVXbKMzVsSGQ49S,Top 50 - Iceland,39761
862,37i9dQZEVXbLZ52XmnySJg,Top 50 - India,353130
863,37i9dQZEVXbObFQZ3JLcXt,Top 50 - Indonesia,622755
864,37i9dQZEVXbKM896FDX8L1,Top 50 - Ireland,239852
865,37i9dQZEVXbJ6IpvItkve3,Top 50 - Israel,48778
866,37i9dQZEVXbIQnj7RRhdSX,Top 50 - Italy,1026579
867,37i9dQZEVXbKXQ4mDTEBXq,Top 50 - Japan,928059
868,37i9dQZEVXbKGcyg6TFGx6,Top 50 - Luxembourg,7371
869,37i9dQZEVXbJlfUljuZExa,Top 50 - Malaysia,201625
870,37i9dQZEVXbO3qyFxbkOE1,Top 50 - Mexico,1562533
871,37i9dQZEVXbJU9eQpX8gPT,Top 50 - Morocco,24718
872,37i9dQZEVXbKCF6dqVpDkS,Top 50 - Netherlands,903890
873,37i9dQZEVXbM8SIrkERIYl,Top 50 - New Zealand,210747
874,37i9dQZEVXbISk8kxnzfCq,Top 50 - Nicaragua,15584
875,37i9dQZEVXbJvfa0Yxg7E7,Top 50 - Norway,520932
876,37i9dQZEVXbKypXHVwk1f0,Top 50 - Panama,93424
877,37i9dQZEVXbJfdy5b0KP7W,Top 50 - Peru,448955
878,37i9dQZEVXbNBz9cRCSFkY,Top 50 - Philippines,1193156
879,37i9dQZEVXbKyJS56d1pgi,Top 50 - Portugal,195660
880,37i9dQZEVXbNZbJ6TZelCq,Top 50 - Romania,27760
881,37i9dQZEVXbLrQBcXqUtaC,Top 50 - Saudi Arabia,5366
882,37i9dQZEVXbK4gjvS1FjPY,Top 50 - Singapore,129554
883,37i9dQZEVXbKIVTPX9a2Sb,Top 50 - Slovakia,20419
884,37i9dQZEVXbMH2jvi6jvjk,Top 50 - South Africa,31187
885,37i9dQZEVXbNxXF4SkHj9F,Top 50 - South Korea,65957
886,37i9dQZEVXbNFJfN1Vw8d9,Top 50 - Spain,1510669
887,6zFJ2HTXC3d38AgpfcPGph,Top 50 - Suriname,105
888,37i9dQZEVXbLoATJ81JYXz,Top 50 - Sweden,602123
889,37i9dQZEVXbJiyhoAPEfMK,Top 50 - Switzerland,120070
890,37i9dQZEVXbMnZEatlMSiu,Top 50 - Taiwan,197895
891,37i9dQZEVXbMnz8KIWsvf9,Top 50 - Thailand,133045
892,37i9dQZEVXbIVYVBNw9D5K,Top 50 - Turkey,778242
893,37i9dQZEVXbM4UZuIrvHvA,Top 50 - UAE,2727
894,37i9dQZEVXbLRQDuF5jeBp,Top 50 - USA,3414015
895,37i9dQZEVXbKkidEfWYRuD,Top 50 - Ukraine,20372
896,37i9dQZEVXbLnolsZ8PSNw,Top 50 - United Kingdom,2180057
897,37i9dQZEVXbLdGSmz6xilI,Top 50 - Vietnam,75626
898,5atgcoJ9pDa39CzCYdXkRi,Top 50 - Polska,757
899,3seAKhZ9QXirBjL9lazOi4,Top 50+ Zimbabwe,83
900,37i9dQZEVXbMMy2roB9myp,Top 50 - Argentina,1270097
901,37i9dQZEVXbJPcfkRz0wJ0,Top 50 - Australia,808228
902,37i9dQZEVXbKNHh6NIXu36,Top 50 - Austria,117997
903,37i9dQZEVXbJNSeeHswcKB,Top 50 - Belgium,267828
904,37i9dQZEVXbJqfMFK4d691,Top 50 - Bolivia,91615
905,37i9dQZEVXbMXbN3EUUhlg,Top 50 - Brazil,3206556
906,37i9dQZEVXbKj23U1GF4IR,Top 50 - Canada,332481
907,37i9dQZEVXbL0GavIqMTeb,Top 50 - Chile,504228
908,37i9dQZEVXbOa2lmxNORXQ,Top 50 - Colombia,772792
909,37i9dQZEVXbMZAjGMynsQX,Top 50 - Costa Rica,139120
910,37i9dQZEVXbL3J0k32lWnN,Top 50 - Denmark,193038
911,37i9dQZEVXbJlM6nvL1nD1,Top 50 - Ecuador,169044
912,37i9dQZEVXbLesry2Qw2xS,Top 50 - Estonia,16964
913,37i9dQZEVXbMxcczTSoGwZ,Top 50 - Finland,131851
914,37i9dQZEVXbIPWwFssbupI,Top 50 - France,817441
915,37i9dQZEVXbJiZcmkrIHGU,Top 50 - Germany,2130722
916,37i9dQZEVXbMDoHDwVN2tF,Top 50 - Global,17016818
917,37i9dQZEVXbJqdarpmTJDL,Top 50 - Greece,79763
918,37i9dQZEVXbLy5tBFyQvd4,Top 50 - Guatemala,74736
919,37i9dQZEVXbLwpL8TjsxOG,Top 50 - Hong Kong,105095
920,37i9dQZEVXbNHwMxAkvmF8,Top 50 - Hungary,68451
921,37i9dQZEVXbKMzVsSGQ49S,Top 50 - Iceland,39762
922,37i9dQZEVXbLZ52XmnySJg,Top 50 - India,353342
923,37i9dQZEVXbObFQZ3JLcXt,Top 50 - Indonesia,622921
924,37i9dQZEVXbKM896FDX8L1,Top 50 - Ireland,239848
925,37i9dQZEVXbJ6IpvItkve3,Top 50 - Israel,48796
926,37i9dQZEVXbIQnj7RRhdSX,Top 50 - Italy,1026642
927,37i9dQZEVXbKXQ4mDTEBXq,Top 50 - Japan,928671
928,37i9dQZEVXbKGcyg6TFGx6,Top 50 - Luxembourg,7368
929,37i9dQZEVXbJlfUljuZExa,Top 50 - Malaysia,201630
930,37i9dQZEVXbO3qyFxbkOE1,Top 50 - Mexico,1562811
931,37i9dQZEVXbJU9eQpX8gPT,Top 50 - Morocco,24779
932,37i9dQZEVXbKCF6dqVpDkS,Top 50 - Netherlands,903888
933,37i9dQZEVXbM8SIrkERIYl,Top 50 - New Zealand,210746
934,37i9dQZEVXbISk8kxnzfCq,Top 50 - Nicaragua,15590
935,37i9dQZEVXbJvfa0Yxg7E7,Top 50 - Norway,520993
936,37i9dQZEVXbKypXHVwk1f0,Top 50 - Panama,93424
937,37i9dQZEVXbJfdy5b0KP7W,Top 50 - Peru,449028
938,37i9dQZEVXbNBz9cRCSFkY,Top 50 - Philippines,1193323
939,37i9dQZEVXbKyJS56d1pgi,Top 50 - Portugal,195686
940,37i9dQZEVXbNZbJ6TZelCq,Top 50 - Romania,27767
941,37i9dQZEVXbLrQBcXqUtaC,Top 50 - Saudi Arabia,5370
942,37i9dQZEVXbK4gjvS1FjPY,Top 50 - Singapore,129569
943,37i9dQZEVXbKIVTPX9a2Sb,Top 50 - Slovakia,20419
944,37i9dQZEVXbMH2jvi6jvjk,Top 50 - South Africa,31193
945,37i9dQZEVXbNxXF4SkHj9F,Top 50 - South Korea,66030
946,37i9dQZEVXbNFJfN1Vw8d9,Top 50 - Spain,1510955
947,6zFJ2HTXC3d38AgpfcPGph,Top 50 - Suriname,105
948,37i9dQZEVXbLoATJ81JYXz,Top 50 - Sweden,602178
949,37i9dQZEVXbJiyhoAPEfMK,Top 50 - Switzerland,120081
950,37i9dQZEVXbMnZEatlMSiu,Top 50 - Taiwan,197926
951,37i9dQZEVXbMnz8KIWsvf9,Top 50 - Thailand,133099
952,37i9dQZEVXbIVYVBNw9D5K,Top 50 - Turkey,778369
953,37i9dQZEVXbM4UZuIrvHvA,Top 50 - UAE,2729
954,37i9dQZEVXbLRQDuF5jeBp,Top 50 - USA,3414023
955,37i9dQZEVXbKkidEfWYRuD,Top 50 - Ukraine,20386
956,37i9dQZEVXbLnolsZ8PSNw,Top 50 - United Kingdom,2180044
957,37i9dQZEVXbLdGSmz6xilI,Top 50 - Vietnam,75659
958,5atgcoJ9pDa39CzCYdXkRi,Top 50 - Polska,758
959,3seAKhZ9QXirBjL9lazOi4,Top 50+ Zimbabwe,85
960,37i9dQZEVXbMMy2roB9myp,Top 50 - Argentina,1270565
961,37i9dQZEVXbJPcfkRz0wJ0,Top 50 - Australia,808290
962,37i9dQZEVXbKNHh6NIXu36,Top 50 - Austria,117998
963,37i9dQZEVXbJNSeeHswcKB,Top 50 - Belgium,267840
964,37i9dQZEVXbJqfMFK4d691,Top 50 - Bolivia,91633
965,37i9dQZEVXbMXbN3EUUhlg,Top 50 - Brazil,3206854
966,37i9dQZEVXbKj23U1GF4IR,Top 50 - Canada,332470
967,37i9dQZEVXbL0GavIqMTeb,Top 50 - Chile,504414
968,37i9dQZEVXbOa2lmxNORXQ,Top 50 - Colombia,772945
969,37i9dQZEVXbMZAjGMynsQX,Top 50 - Costa Rica,139132
970,37i9dQZEVXbL3J0k32lWnN,Top 50 - Denmark,193081
971,37i9dQZEVXbJlM6nvL1nD1,Top 50 - Ecuador,169071
972,37i9dQZEVXbLesry2Qw2xS,Top 50 - Estonia,16969
973,37i9dQZEVXbMxcczTSoGwZ,Top 50 - Finland,131875
974,37i9dQZEVXbIPWwFssbupI,Top 50 - France,817516
975,37i9dQZEVXbJiZcmkrIHGU,Top 50 - Germany,2130813
976,37i9dQZEVXbMDoHDwVN2tF,Top 50 - Global,17017660
977,37i9dQZEVXbJqdarpmTJDL,Top 50 - Greece,79795
978,37i9dQZEVXbLy5tBFyQvd4,Top 50 - Guatemala,74750
979,37i9dQZEVXbLwpL8TjsxOG,Top 50 - Hong Kong,105123
980,37i9dQZEVXbNHwMxAkvmF8,Top 50 - Hungary,68467
981,37i9dQZEVXbKMzVsSGQ49S,Top 50 - Iceland,39769
982,37i9dQZEVXbLZ52XmnySJg,Top 50 - India,353533
983,37i9dQZEVXbObFQZ3JLcXt,Top 50 - Indonesia,623109
984,37i9dQZEVXbKM896FDX8L1,Top 50 - Ireland,239853
985,37i9dQZEVXbJ6IpvItkve3,Top 50 - Israel,48817
986,37i9dQZEVXbIQnj7RRhdSX,Top 50 - Italy,1026722
987,37i9dQZEVXbKXQ4mDTEBXq,Top 50 - Japan,929205
988,37i9dQZEVXbKGcyg6TFGx6,Top 50 - Luxembourg,7371
989,37i9dQZEVXbJlfUljuZExa,Top 50 - Malaysia,201653
990,37i9dQZEVXbO3qyFxbkOE1,Top 50 - Mexico,1563167
991,37i9dQZEVXbJU9eQpX8gPT,Top 50 - Morocco,24838
992,37i9dQZEVXbKCF6dqVpDkS,Top 50 - Netherlands,903893
993,37i9dQZEVXbM8SIrkERIYl,Top 50 - New Zealand,210752
994,37i9dQZEVXbISk8kxnzfCq,Top 50 - Nicaragua,15596
995,37i9dQZEVXbJvfa0Yxg7E7,Top 50 - Norway,521098
996,37i9dQZEVXbKypXHVwk1f0,Top 50 - Panama,93433
997,37i9dQZEVXbJfdy5b0KP7W,Top 50 - Peru,449080
998,37i9dQZEVXbNBz9cRCSFkY,Top 50 - Philippines,1193481
999,37i9dQZEVXbKyJS56d1pgi,Top 50 - Portugal,195711
1000,37i9dQZEVXbNZbJ6TZelCq,Top 50 - Romania,27777
1001,37i9dQZEVXbLrQBcXqUtaC,Top 50 - Saudi Arabia,5380
1002,37i9dQZEVXbK4gjvS1FjPY,Top 50 - Singapore,129584
1003,37i9dQZEVXbKIVTPX9a2Sb,Top 50 - Slovakia,20427
1004,37i9dQZEVXbMH2jvi6jvjk,Top 50 - South Africa,31208
1005,37i9dQZEVXbNxXF4SkHj9F,Top 50 - South Korea,66110
1006,37i9dQZEVXbNFJfN1Vw8d9,Top 50 - Spain,1511196
1007,6zFJ2HTXC3d38AgpfcPGph,Top 50 - Suriname,106
1008,37i9dQZEVXbLoATJ81JYXz,Top 50 - Sweden,602244
1009,37i9dQZEVXbJiyhoAPEfMK,Top 50 - Switzerland,120087
1010,37i9dQZEVXbMnZEatlMSiu,Top 50 - Taiwan,197972
1011,37i9dQZEVXbMnz8KIWsvf9,Top 50 - Thailand,133140
1012,37i9dQZEVXbIVYVBNw9D5K,Top 50 - Turkey,778474
1013,37i9dQZEVXbM4UZuIrvHvA,Top 50 - UAE,2731
1014,37i9dQZEVXbLRQDuF5jeBp,Top 50 - USA,3414036
1015,37i9dQZEVXbKkidEfWYRuD,Top 50 - Ukraine,20404
1016,37i9dQZEVXbLnolsZ8PSNw,Top 50 - United Kingdom,2180052
1017,37i9dQZEVXbLdGSmz6xilI,Top 50 - Vietnam,75684
1018,5atgcoJ9pDa39CzCYdXkRi,Top 50 - Polska,757
1019,3seAKhZ9QXirBjL9lazOi4,Top 50+ Zimbabwe,84
1020,37i9dQZEVXbMMy2roB9myp,Top 50 - Argentina,1270429
1021,37i9dQZEVXbJPcfkRz0wJ0,Top 50 - Australia,808279
1022,37i9dQZEVXbKNHh6NIXu36,Top 50 - Austria,117987
1023,37i9dQZEVXbJNSeeHswcKB,Top 50 - Belgium,267830
1024,37i9dQZEVXbJqfMFK4d691,Top 50 - Bolivia,91624
1025,37i9dQZEVXbMXbN3EUUhlg,Top 50 - Brazil,3206658
1026,37i9dQZEVXbKj23U1GF4IR,Top 50 - Canada,332448
1027,37i9dQZEVXbL0GavIqMTeb,Top 50 - Chile,504411
1028,37i9dQZEVXbOa2lmxNORXQ,Top 50 - Colombia,772911
1029,37i9dQZEVXbMZAjGMynsQX,Top 50 - Costa Rica,139129
1030,37i9dQZEVXbL3J0k32lWnN,Top 50 - Denmark,193080
1031,37i9dQZEVXbJlM6nvL1nD1,Top 50 - Ecuador,169060
1032,37i9dQZEVXbLesry2Qw2xS,Top 50 - Estonia,16968
1033,37i9dQZEVXbMxcczTSoGwZ,Top 50 - Finland,131880
1034,37i9dQZEVXbIPWwFssbupI,Top 50 - France,817486
1035,37i9dQZEVXbJiZcmkrIHGU,Top 50 - Germany,2130695
1036,37i9dQZEVXbMDoHDwVN2tF,Top 50 - Global,17017045
1037,37i9dQZEVXbJqdarpmTJDL,Top 50 - Greece,79786
1038,37i9dQZEVXbLy5tBFyQvd4,Top 50 - Guatemala,74733
1039,37i9dQZEVXbLwpL8TjsxOG,Top 50 - Hong Kong,105129
1040,37i9dQZEVXbNHwMxAkvmF8,Top 50 - Hungary,68461
1041,37i9dQZEVXbKMzVsSGQ49S,Top 50 - Iceland,39767
1042,37i9dQZEVXbLZ52XmnySJg,Top 50 - India,353579
1043,37i9dQZEVXbObFQZ3JLcXt,Top 50 - Indonesia,623128
1044,37i9dQZEVXbKM896FDX8L1,Top 50 - Ireland,239850
1045,37i9dQZEVXbJ6IpvItkve3,Top 50 - Israel,48811
1046,37i9dQZEVXbIQnj7RRhdSX,Top 50 - Italy,1026687
1047,37i9dQZEVXbKXQ4mDTEBXq,Top 50 - Japan,929444
1048,37i9dQZEVXbKGcyg6TFGx6,Top 50 - Luxembourg,7370
1049,37i9dQZEVXbJlfUljuZExa,Top 50 - Malaysia,201638
1050,37i9dQZEVXbO3qyFxbkOE1,Top 50 - Mexico,1563111
1051,37i9dQZEVXbJU9eQpX8gPT,Top 50 - Morocco,24846
1052,37i9dQZEVXbKCF6dqVpDkS,Top 50 - Netherlands,903832
1053,37i9dQZEVXbM8SIrkERIYl,Top 50 - New Zealand,210750
1054,37i9dQZEVXbISk8kxnzfCq,Top 50 - Nicaragua,15594
1055,37i9dQZEVXbJvfa0Yxg7E7,Top 50 - Norway,521075
1056,37i9dQZEVXbKypXHVwk1f0,Top 50 - Panama,93425
1057,37i9dQZEVXbJfdy5b0KP7W,Top 50 - Peru,449053
1058,37i9dQZEVXbNBz9cRCSFkY,Top 50 - Philippines,1193521
1059,37i9dQZEVXbKyJS56d1pgi,Top 50 - Portugal,195696
1060,37i9dQZEVXbNZbJ6TZelCq,Top 50 - Romania,27780
1061,37i9dQZEVXbLrQBcXqUtaC,Top 50 - Saudi Arabia,5377
1062,37i9dQZEVXbK4gjvS1FjPY,Top 50 - Singapore,129582
1063,37i9dQZEVXbKIVTPX9a2Sb,Top 50 - Slovakia,20424
1064,37i9dQZEVXbMH2jvi6jvjk,Top 50 - South Africa,31209
1065,37i9dQZEVXbNxXF4SkHj9F,Top 50 - South Korea,66105
1066,37i9dQZEVXbNFJfN1Vw8d9,Top 50 - Spain,1511170
1067,6zFJ2HTXC3d38AgpfcPGph,Top 50 - Suriname,106
1068,37i9dQZEVXbLoATJ81JYXz,Top 50 - Sweden,602242
1069,37i9dQZEVXbJiyhoAPEfMK,Top 50 - Switzerland,120082
1070,37i9dQZEVXbMnZEatlMSiu,Top 50 - Taiwan,197993
1071,37i9dQZEVXbMnz8KIWsvf9,Top 50 - Thailand,133156
1072,37i9dQZEVXbIVYVBNw9D5K,Top 50 - Turkey,778438
1073,37i9dQZEVXbM4UZuIrvHvA,Top 50 - UAE,2731
1074,37i9dQZEVXbLRQDuF5jeBp,Top 50 - USA,3413847
1075,37i9dQZEVXbKkidEfWYRuD,Top 50 - Ukraine,20407
1076,37i9dQZEVXbLnolsZ8PSNw,Top 50 - United Kingdom,2179956
1077,37i9dQZEVXbLdGSmz6xilI,Top 50 - Vietnam,75692
1078,5atgcoJ9pDa39CzCYdXkRi,Top 50 - Polska,757
1079,3seAKhZ9QXirBjL9lazOi4,Top 50+ Zimbabwe,85
1080,37i9dQZEVXbMMy2roB9myp,Top 50 - Argentina,1270593
1081,37i9dQZEVXbJPcfkRz0wJ0,Top 50 - Australia,808240
1082,37i9dQZEVXbKNHh6NIXu36,Top 50 - Austria,117981
1083,37i9dQZEVXbJNSeeHswcKB,Top 50 - Belgium,267823
1084,37i9dQZEVXbJqfMFK4d691,Top 50 - Bolivia,91630
1085,37i9dQZEVXbMXbN3EUUhlg,Top 50 - Brazil,3206584
1086,37i9dQZEVXbKj23U1GF4IR,Top 50 - Canada,332436
1087,37i9dQZEVXbL0GavIqMTeb,Top 50 - Chile,504485
1088,37i9dQZEVXbOa2lmxNORXQ,Top 50 - Colombia,772926
1089,37i9dQZEVXbMZAjGMynsQX,Top 50 - Costa Rica,139123
1090,37i9dQZEVXbL3J0k32lWnN,Top 50 - Denmark,193055
1091,37i9dQZEVXbJlM6nvL1nD1,Top 50 - Ecuador,169065
1092,37i9dQZEVXbLesry2Qw2xS,Top 50 - Estonia,16969
1093,37i9dQZEVXbMxcczTSoGwZ,Top 50 - Finland,131880
1094,37i9dQZEVXbIPWwFssbupI,Top 50 - France,817466
1095,37i9dQZEVXbJiZcmkrIHGU,Top 50 - Germany,2130587
1096,37i9dQZEVXbMDoHDwVN2tF,Top 50 - Global,17016500
1097,37i9dQZEVXbJqdarpmTJDL,Top 50 - Greece,79793
1098,37i9dQZEVXbLy5tBFyQvd4,Top 50 - Guatemala,74735
1099,37i9dQZEVXbLwpL8TjsxOG,Top 50 - Hong Kong,105130
1100,37i9dQZEVXbNHwMxAkvmF8,Top 50 - Hungary,68459
1101,37i9dQZEVXbKMzVsSGQ49S,Top 50 - Iceland,39762
1102,37i9dQZEVXbLZ52XmnySJg,Top 50 - India,353595
1103,37i9dQZEVXbObFQZ3JLcXt,Top 50 - Indonesia,623082
1104,37i9dQZEVXbKM896FDX8L1,Top 50 - Ireland,239839
1105,37i9dQZEVXbJ6IpvItkve3,Top 50 - Israel,48817
1106,37i9dQZEVXbIQnj7RRhdSX,Top 50 - Italy,1026683
1107,37i9dQZEVXbKXQ4mDTEBXq,Top 50 - Japan,929329
1108,37i9dQZEVXbKGcyg6TFGx6,Top 50 - Luxembourg,7371
1109,37i9dQZEVXbJlfUljuZExa,Top 50 - Malaysia,201627
1110,37i9dQZEVXbO3qyFxbkOE1,Top 50 - Mexico,1563163
1111,37i9dQZEVXbJU9eQpX8gPT,Top 50 - Morocco,24870
1112,37i9dQZEVXbKCF6dqVpDkS,Top 50 - Netherlands,903761
1113,37i9dQZEVXbM8SIrkERIYl,Top 50 - New Zealand,210738
1114,37i9dQZEVXbISk8kxnzfCq,Top 50 - Nicaragua,15595
1115,37i9dQZEVXbJvfa0Yxg7E7,Top 50 - Norway,521042
1116,37i9dQZEVXbKypXHVwk1f0,Top 50 - Panama,93423
1117,37i9dQZEVXbJfdy5b0KP7W,Top 50 - Peru,449055
1118,37i9dQZEVXbNBz9cRCSFkY,Top 50 - Philippines,1193493
1119,37i9dQZEVXbKyJS56d1pgi,Top 50 - Portugal,195692
1120,37i9dQZEVXbNZbJ6TZelCq,Top 50 - Romania,27784
1121,37i9dQZEVXbLrQBcXqUtaC,Top 50 - Saudi Arabia,5377
1122,37i9dQZEVXbK4gjvS1FjPY,Top 50 - Singapore,129570
1123,37i9dQZEVXbKIVTPX9a2Sb,Top 50 - Slovakia,20429
1124,37i9dQZEVXbMH2jvi6jvjk,Top 50 - South Africa,31204
1125,37i9dQZEVXbNxXF4SkHj9F,Top 50 - South Korea,66114
1126,37i9dQZEVXbNFJfN1Vw8d9,Top 50 - Spain,1511223
1127,6zFJ2HTXC3d38AgpfcPGph,Top 50 - Suriname,106
1128,37i9dQZEVXbLoATJ81JYXz,Top 50 - Sweden,602188
1129,37i9dQZEVXbJiyhoAPEfMK,Top 50 - Switzerland,120078
1130,37i9dQZEVXbMnZEatlMSiu,Top 50 - Taiwan,197984
1131,37i9dQZEVXbMnz8KIWsvf9,Top 50 - Thailand,133164
1132,37i9dQZEVXbIVYVBNw9D5K,Top 50 - Turkey,778431
1133,37i9dQZEVXbM4UZuIrvHvA,Top 50 - UAE,2733
1134,37i9dQZEVXbLRQDuF5jeBp,Top 50 - USA,3413733
1135,37i9dQZEVXbKkidEfWYRuD,Top 50 - Ukraine,20414
1136,37i9dQZEVXbLnolsZ8PSNw,Top 50 - United Kingdom,2179881
1137,37i9dQZEVXbLdGSmz6xilI,Top 50 - Vietnam,75684
1138,5atgcoJ9pDa39CzCYdXkRi,Top 50 - Polska,757
1139,3seAKhZ9QXirBjL9lazOi4,Top 50+ Zimbabwe,85
1140,37i9dQZEVXbMMy2roB9myp,Top 50 - Argentina,1271197
1141,37i9dQZEVXbJPcfkRz0wJ0,Top 50 - Australia,808301
1142,37i9dQZEVXbKNHh6NIXu36,Top 50 - Austria,117992
1143,37i9dQZEVXbJNSeeHswcKB,Top 50 - Belgium,267815
1144,37i9dQZEVXbJqfMFK4d691,Top 50 - Bolivia,91650
1145,37i9dQZEVXbMXbN3EUUhlg,Top 50 - Brazil,3206963
1146,37i9dQZEVXbKj23U1GF4IR,Top 50 - Canada,332429
1147,37i9dQZEVXbL0GavIqMTeb,Top 50 - Chile,504694
1148,37i9dQZEVXbOa2lmxNORXQ,Top 50 - Colombia,773050
1149,37i9dQZEVXbMZAjGMynsQX,Top 50 - Costa Rica,139145
1150,37i9dQZEVXbL3J0k32lWnN,Top 50 - Denmark,193076
1151,37i9dQZEVXbJlM6nvL1nD1,Top 50 - Ecuador,169078
1152,37i9dQZEVXbLesry2Qw2xS,Top 50 - Estonia,16971
1153,37i9dQZEVXbMxcczTSoGwZ,Top 50 - Finland,131912
1154,37i9dQZEVXbIPWwFssbupI,Top 50 - France,817502
1155,37i9dQZEVXbJiZcmkrIHGU,Top 50 - Germany,2130672
1156,37i9dQZEVXbMDoHDwVN2tF,Top 50 - Global,17017814
1157,37i9dQZEVXbJqdarpmTJDL,Top 50 - Greece,79804
1158,37i9dQZEVXbLy5tBFyQvd4,Top 50 - Guatemala,74758
1159,37i9dQZEVXbLwpL8TjsxOG,Top 50 - Hong Kong,105159
1160,37i9dQZEVXbNHwMxAkvmF8,Top 50 - Hungary,68475
1161,37i9dQZEVXbKMzVsSGQ49S,Top 50 - Iceland,39765
1162,37i9dQZEVXbLZ52XmnySJg,Top 50 - India,353815
1163,37i9dQZEVXbObFQZ3JLcXt,Top 50 - Indonesia,623211
1164,37i9dQZEVXbKM896FDX8L1,Top 50 - Ireland,239841
1165,37i9dQZEVXbJ6IpvItkve3,Top 50 - Israel,48826
1166,37i9dQZEVXbIQnj7RRhdSX,Top 50 - Italy,1026871
1167,37i9dQZEVXbKXQ4mDTEBXq,Top 50 - Japan,929676
1168,37i9dQZEVXbKGcyg6TFGx6,Top 50 - Luxembourg,7370
1169,37i9dQZEVXbJlfUljuZExa,Top 50 - Malaysia,201665
1170,37i9dQZEVXbO3qyFxbkOE1,Top 50 - Mexico,1563472
1171,37i9dQZEVXbJU9eQpX8gPT,Top 50 - Morocco,24921
1172,37i9dQZEVXbKCF6dqVpDkS,Top 50 - Netherlands,903777
1173,37i9dQZEVXbM8SIrkERIYl,Top 50 - New Zealand,210751
1174,37i9dQZEVXbISk8kxnzfCq,Top 50 - Nicaragua,15600
1175,37i9dQZEVXbJvfa0Yxg7E7,Top 50 - Norway,521149
1176,37i9dQZEVXbKypXHVwk1f0,Top 50 - Panama,93428
1177,37i9dQZEVXbJfdy5b0KP7W,Top 50 - Peru,449094
1178,37i9dQZEVXbNBz9cRCSFkY,Top 50 - Philippines,1193629
1179,37i9dQZEVXbKyJS56d1pgi,Top 50 - Portugal,195736
1180,37i9dQZEVXbNZbJ6TZelCq,Top 50 - Romania,27794
1181,37i9dQZEVXbLrQBcXqUtaC,Top 50 - Saudi Arabia,5384
1182,37i9dQZEVXbK4gjvS1FjPY,Top 50 - Singapore,129564
1183,37i9dQZEVXbKIVTPX9a2Sb,Top 50 - Slovakia,20434
1184,37i9dQZEVXbMH2jvi6jvjk,Top 50 - South Africa,31220
1185,37i9dQZEVXbNxXF4SkHj9F,Top 50 - South Korea,66180
1186,37i9dQZEVXbNFJfN1Vw8d9,Top 50 - Spain,1511496
1187,6zFJ2HTXC3d38AgpfcPGph,Top 50 - Suriname,110
1188,37i9dQZEVXbLoATJ81JYXz,Top 50 - Sweden,602249
1189,37i9dQZEVXbJiyhoAPEfMK,Top 50 - Switzerland,120082
1190,37i9dQZEVXbMnZEatlMSiu,Top 50 - Taiwan,198017
1191,37i9dQZEVXbMnz8KIWsvf9,Top 50 - Thailand,133184
1192,37i9dQZEVXbIVYVBNw9D5K,Top 50 - Turkey,778538
1193,37i9dQZEVXbM4UZuIrvHvA,Top 50 - UAE,2737
1194,37i9dQZEVXbLRQDuF5jeBp,Top 50 - USA,3413726
1195,37i9dQZEVXbKkidEfWYRuD,Top 50 - Ukraine,20439
1196,37i9dQZEVXbLnolsZ8PSNw,Top 50 - United Kingdom,2179891
1197,37i9dQZEVXbLdGSmz6xilI,Top 50 - Vietnam,75716
1198,5atgcoJ9pDa39CzCYdXkRi,Top 50 - Polska,757
1199,3seAKhZ9QXirBjL9lazOi4,Top 50+ Zimbabwe,86
1200,37i9dQZEVXbMMy2roB9myp,Top 50 - Argentina,1271955
1201,37i9dQZEVXbJPcfkRz0wJ0,Top 50 - Australia,808392
1202,37i9dQZEVXbKNHh6NIXu36,Top 50 - Austria,117997
1203,37i9dQZEVXbJNSeeHswcKB,Top 50 - Belgium,267825
1204,37i9dQZEVXbJqfMFK4d691,Top 50 - Bolivia,91673
1205,37i9dQZEVXbMXbN3EUUhlg,Top 50 - Brazil,3207620
1206,37i9dQZEVXbKj23U1GF4IR,Top 50 - Canada,332429
1207,37i9dQZEVXbL0GavIqMTeb,Top 50 - Chile,504905
1208,37i9dQZEVXbOa2lmxNORXQ,Top 50 - Colombia,773248
1209,37i9dQZEVXbMZAjGMynsQX,Top 50 - Costa Rica,139180
1210,37i9dQZEVXbL3J0k32lWnN,Top 50 - Denmark,193099
1211,37i9dQZEVXbJlM6nvL1nD1,Top 50 - Ecuador,169089
1212,37i9dQZEVXbLesry2Qw2xS,Top 50 - Estonia,16971
1213,37i9dQZEVXbMxcczTSoGwZ,Top 50 - Finland,131949
1214,37i9dQZEVXbIPWwFssbupI,Top 50 - France,817596
1215,37i9dQZEVXbJiZcmkrIHGU,Top 50 - Germany,2130782
1216,37i9dQZEVXbMDoHDwVN2tF,Top 50 - Global,17018988
1217,37i9dQZEVXbJqdarpmTJDL,Top 50 - Greece,79829
1218,37i9dQZEVXbLy5tBFyQvd4,Top 50 - Guatemala,74771
1219,37i9dQZEVXbLwpL8TjsxOG,Top 50 - Hong Kong,105182
1220,37i9dQZEVXbNHwMxAkvmF8,Top 50 - Hungary,68484
1221,37i9dQZEVXbKMzVsSGQ49S,Top 50 - Iceland,39765
1222,37i9dQZEVXbLZ52XmnySJg,Top 50 - India,354033
1223,37i9dQZEVXbObFQZ3JLcXt,Top 50 - Indonesia,623354
1224,37i9dQZEVXbKM896FDX8L1,Top 50 - Ireland,239868
1225,37i9dQZEVXbJ6IpvItkve3,Top 50 - Israel,48838
1226,37i9dQZEVXbIQnj7RRhdSX,Top 50 - Italy,1027037
1227,37i9dQZEVXbKXQ4mDTEBXq,Top 50 - Japan,930286
1228,37i9dQZEVXbKGcyg6TFGx6,Top 50 - Luxembourg,7374
1229,37i9dQZEVXbJlfUljuZExa,Top 50 - Malaysia,201686
1230,37i9dQZEVXbO3qyFxbkOE1,Top 50 - Mexico,1563986
1231,37i9dQZEVXbJU9eQpX8gPT,Top 50 - Morocco,24976
1232,37i9dQZEVXbKCF6dqVpDkS,Top 50 - Netherlands,903840
1233,37i9dQZEVXbM8SIrkERIYl,Top 50 - New Zealand,210774
1234,37i9dQZEVXbISk8kxnzfCq,Top 50 - Nicaragua,15606
1235,37i9dQZEVXbJvfa0Yxg7E7,Top 50 - Norway,521269
1236,37i9dQZEVXbKypXHVwk1f0,Top 50 - Panama,93435
1237,37i9dQZEVXbJfdy5b0KP7W,Top 50 - Peru,449160
1238,37i9dQZEVXbNBz9cRCSFkY,Top 50 - Philippines,1193792
1239,37i9dQZEVXbKyJS56d1pgi,Top 50 - Portugal,195779
1240,37i9dQZEVXbNZbJ6TZelCq,Top 50 - Romania,27800
1241,37i9dQZEVXbLrQBcXqUtaC,Top 50 - Saudi Arabia,5394
1242,37i9dQZEVXbK4gjvS1FjPY,Top 50 - Singapore,129574
1243,37i9dQZEVXbKIVTPX9a2Sb,Top 50 - Slovakia,20435
1244,37i9dQZEVXbMH2jvi6jvjk,Top 50 - South Africa,31242
1245,37i9dQZEVXbNxXF4SkHj9F,Top 50 - South Korea,66262
1246,37i9dQZEVXbNFJfN1Vw8d9,Top 50 - Spain,1511834
1247,6zFJ2HTXC3d38AgpfcPGph,Top 50 - Suriname,110
1248,37i9dQZEVXbLoATJ81JYXz,Top 50 - Sweden,602343
1249,37i9dQZEVXbJiyhoAPEfMK,Top 50 - Switzerland,120088
1250,37i9dQZEVXbMnZEatlMSiu,Top 50 - Taiwan,198071
1251,37i9dQZEVXbMnz8KIWsvf9,Top 50 - Thailand,133264
1252,37i9dQZEVXbIVYVBNw9D5K,Top 50 - Turkey,778658
1253,37i9dQZEVXbM4UZuIrvHvA,Top 50 - UAE,2744
1254,37i9dQZEVXbLRQDuF5jeBp,Top 50 - USA,3413790
1255,37i9dQZEVXbKkidEfWYRuD,Top 50 - Ukraine,20462
1256,37i9dQZEVXbLnolsZ8PSNw,Top 50 - United Kingdom,2179933
1257,37i9dQZEVXbLdGSmz6xilI,Top 50 - Vietnam,75742
1258,5atgcoJ9pDa39CzCYdXkRi,Top 50 - Polska,756
1259,3seAKhZ9QXirBjL9lazOi4,Top 50+ Zimbabwe,88
1260,37i9dQZEVXbMMy2roB9myp,Top 50 - Argentina,1272509
1261,37i9dQZEVXbJPcfkRz0wJ0,Top 50 - Australia,808445
1262,37i9dQZEVXbKNHh6NIXu36,Top 50 - Austria,117998
1263,37i9dQZEVXbJNSeeHswcKB,Top 50 - Belgium,267856
1264,37i9dQZEVXbJqfMFK4d691,Top 50 - Bolivia,91698
1265,37i9dQZEVXbMXbN3EUUhlg,Top 50 - Brazil,3208167
1266,37i9dQZEVXbKj23U1GF4IR,Top 50 - Canada,332441
1267,37i9dQZEVXbL0GavIqMTeb,Top 50 - Chile,505107
1268,37i9dQZEVXbOa2lmxNORXQ,Top 50 - Colombia,773416
1269,37i9dQZEVXbMZAjGMynsQX,Top 50 - Costa Rica,139201
1270,37i9dQZEVXbL3J0k32lWnN,Top 50 - Denmark,193116
1271,37i9dQZEVXbJlM6nvL1nD1,Top 50 - Ecuador,169135
1272,37i9dQZEVXbLesry2Qw2xS,Top 50 - Estonia,16973
1273,37i9dQZEVXbMxcczTSoGwZ,Top 50 - Finland,131981
1274,37i9dQZEVXbIPWwFssbupI,Top 50 - France,817707
1275,37i9dQZEVXbJiZcmkrIHGU,Top 50 - Germany,2130889
1276,37i9dQZEVXbMDoHDwVN2tF,Top 50 - Global,17019879
1277,37i9dQZEVXbJqdarpmTJDL,Top 50 - Greece,79865
1278,37i9dQZEVXbLy5tBFyQvd4,Top 50 - Guatemala,74787
1279,37i9dQZEVXbLwpL8TjsxOG,Top 50 - Hong Kong,105197
1280,37i9dQZEVXbNHwMxAkvmF8,Top 50 - Hungary,68490
1281,37i9dQZEVXbKMzVsSGQ49S,Top 50 - Iceland,39773
1282,37i9dQZEVXbLZ52XmnySJg,Top 50 - India,354358
1283,37i9dQZEVXbObFQZ3JLcXt,Top 50 - Indonesia,623516
1284,37i9dQZEVXbKM896FDX8L1,Top 50 - Ireland,239892
1285,37i9dQZEVXbJ6IpvItkve3,Top 50 - Israel,48854
1286,37i9dQZEVXbIQnj7RRhdSX,Top 50 - Italy,1027222
1287,37i9dQZEVXbKXQ4mDTEBXq,Top 50 - Japan,931018
1288,37i9dQZEVXbKGcyg6TFGx6,Top 50 - Luxembourg,7376
1289,37i9dQZEVXbJlfUljuZExa,Top 50 - Malaysia,201719
1290,37i9dQZEVXbO3qyFxbkOE1,Top 50 - Mexico,1564325
1291,37i9dQZEVXbJU9eQpX8gPT,Top 50 - Morocco,25007
1292,37i9dQZEVXbKCF6dqVpDkS,Top 50 - Netherlands,903870
1293,37i9dQZEVXbM8SIrkERIYl,Top 50 - New Zealand,210788
1294,37i9dQZEVXbISk8kxnzfCq,Top 50 - Nicaragua,15606
1295,37i9dQZEVXbJvfa0Yxg7E7,Top 50 - Norway,521385
1296,37i9dQZEVXbKypXHVwk1f0,Top 50 - Panama,93451
1297,37i9dQZEVXbJfdy5b0KP7W,Top 50 - Peru,449212
1298,37i9dQZEVXbNBz9cRCSFkY,Top 50 - Philippines,1194025
1299,37i9dQZEVXbKyJS56d1pgi,Top 50 - Portugal,195823
1300,37i9dQZEVXbNZbJ6TZelCq,Top 50 - Romania,27808
1301,37i9dQZEVXbLrQBcXqUtaC,Top 50 - Saudi Arabia,5405
1302,37i9dQZEVXbK4gjvS1FjPY,Top 50 - Singapore,129589
1303,37i9dQZEVXbKIVTPX9a2Sb,Top 50 - Slovakia,20435
1304,37i9dQZEVXbMH2jvi6jvjk,Top 50 - South Africa,31264
1305,37i9dQZEVXbNxXF4SkHj9F,Top 50 - South Korea,66376
1306,37i9dQZEVXbNFJfN1Vw8d9,Top 50 - Spain,1512143
1307,6zFJ2HTXC3d38AgpfcPGph,Top 50 - Suriname,110
1308,37i9dQZEVXbLoATJ81JYXz,Top 50 - Sweden,602437
1309,37i9dQZEVXbJiyhoAPEfMK,Top 50 - Switzerland,120102
1310,37i9dQZEVXbMnZEatlMSiu,Top 50 - Taiwan,198116
1311,37i9dQZEVXbMnz8KIWsvf9,Top 50 - Thailand,133344
1312,37i9dQZEVXbIVYVBNw9D5K,Top 50 - Turkey,778772
1313,37i9dQZEVXbM4UZuIrvHvA,Top 50 - UAE,2746
1314,37i9dQZEVXbLRQDuF5jeBp,Top 50 - USA,3413806
1315,37i9dQZEVXbKkidEfWYRuD,Top 50 - Ukraine,20484
1316,37i9dQZEVXbLnolsZ8PSNw,Top 50 - United Kingdom,2180002
1317,37i9dQZEVXbLdGSmz6xilI,Top 50 - Vietnam,75774
1318,5atgcoJ9pDa39CzCYdXkRi,Top 50 - Polska,757
1319,3seAKhZ9QXirBjL9lazOi4,Top 50+ Zimbabwe,91
1320,37i9dQZEVXbMMy2roB9myp,Top 50 - Argentina,1273076
1321,37i9dQZEVXbJPcfkRz0wJ0,Top 50 - Australia,808495
1322,37i9dQZEVXbKNHh6NIXu36,Top 50 - Austria,118001
1323,37i9dQZEVXbJNSeeHswcKB,Top 50 - Belgium,267876
1324,37i9dQZEVXbJqfMFK4d691,Top 50 - Bolivia,91720
1325,37i9dQZEVXbMXbN3EUUhlg,Top 50 - Brazil,3208754
1326,37i9dQZEVXbKj23U1GF4IR,Top 50 - Canada,332440
1327,37i9dQZEVXbL0GavIqMTeb,Top 50 - Chile,505265
1328,37i9dQZEVXbOa2lmxNORXQ,Top 50 - Colombia,773559
1329,37i9dQZEVXbMZAjGMynsQX,Top 50 - Costa Rica,139222
1330,37i9dQZEVXbL3J0k32lWnN,Top 50 - Denmark,193134
1331,37i9dQZEVXbJlM6nvL1nD1,Top 50 - Ecuador,169161
1332,37i9dQZEVXbLesry2Qw2xS,Top 50 - Estonia,16972
1333,37i9dQZEVXbMxcczTSoGwZ,Top 50 - Finland,132000
1334,37i9dQZEVXbIPWwFssbupI,Top 50 - France,817837
1335,37i9dQZEVXbJiZcmkrIHGU,Top 50 - Germany,2130955
1336,37i9dQZEVXbMDoHDwVN2tF,Top 50 - Global,17021057
1337,37i9dQZEVXbJqdarpmTJDL,Top 50 - Greece,79907
1338,37i9dQZEVXbLy5tBFyQvd4,Top 50 - Guatemala,74799
1339,37i9dQZEVXbLwpL8TjsxOG,Top 50 - Hong Kong,105226
1340,37i9dQZEVXbNHwMxAkvmF8,Top 50 - Hungary,68493
1341,37i9dQZEVXbKMzVsSGQ49S,Top 50 - Iceland,39777
1342,37i9dQZEVXbLZ52XmnySJg,Top 50 - India,354694
1343,37i9dQZEVXbObFQZ3JLcXt,Top 50 - Indonesia,623686
1344,37i9dQZEVXbKM896FDX8L1,Top 50 - Ireland,239904
1345,37i9dQZEVXbJ6IpvItkve3,Top 50 - Israel,48868
1346,37i9dQZEVXbIQnj7RRhdSX,Top 50 - Italy,1027335
1347,37i9dQZEVXbKXQ4mDTEBXq,Top 50 - Japan,931619
1348,37i9dQZEVXbKGcyg6TFGx6,Top 50 - Luxembourg,7377
1349,37i9dQZEVXbJlfUljuZExa,Top 50 - Malaysia,201749
1350,37i9dQZEVXbO3qyFxbkOE1,Top 50 - Mexico,1564724
1351,37i9dQZEVXbJU9eQpX8gPT,Top 50 - Morocco,25042
1352,37i9dQZEVXbKCF6dqVpDkS,Top 50 - Netherlands,903883
1353,37i9dQZEVXbM8SIrkERIYl,Top 50 - New Zealand,210786
1354,37i9dQZEVXbISk8kxnzfCq,Top 50 - Nicaragua,15617
1355,37i9dQZEVXbJvfa0Yxg7E7,Top 50 - Norway,521452
1356,37i9dQZEVXbKypXHVwk1f0,Top 50 - Panama,93460
1357,37i9dQZEVXbJfdy5b0KP7W,Top 50 - Peru,449268
1358,37i9dQZEVXbNBz9cRCSFkY,Top 50 - Philippines,1194241
1359,37i9dQZEVXbKyJS56d1pgi,Top 50 - Portugal,195851
1360,37i9dQZEVXbNZbJ6TZelCq,Top 50 - Romania,27812
1361,37i9dQZEVXbLrQBcXqUtaC,Top 50 - Saudi Arabia,5423
1362,37i9dQZEVXbK4gjvS1FjPY,Top 50 - Singapore,129608
1363,37i9dQZEVXbKIVTPX9a2Sb,Top 50 - Slovakia,20436
1364,37i9dQZEVXbMH2jvi6jvjk,Top 50 - South Africa,31280
1365,37i9dQZEVXbNxXF4SkHj9F,Top 50 - South Korea,66520
1366,37i9dQZEVXbNFJfN1Vw8d9,Top 50 - Spain,1512417
1367,6zFJ2HTXC3d38AgpfcPGph,Top 50 - Suriname,112
1368,37i9dQZEVXbLoATJ81JYXz,Top 50 - Sweden,602477
1369,37i9dQZEVXbJiyhoAPEfMK,Top 50 - Switzerland,120105
1370,37i9dQZEVXbMnZEatlMSiu,Top 50 - Taiwan,198155
1371,37i9dQZEVXbMnz8KIWsvf9,Top 50 - Thailand,133405
1372,37i9dQZEVXbIVYVBNw9D5K,Top 50 - Turkey,778886
1373,37i9dQZEVXbM4UZuIrvHvA,Top 50 - UAE,2751
1374,37i9dQZEVXbLRQDuF5jeBp,Top 50 - USA,3413882
1375,37i9dQZEVXbKkidEfWYRuD,Top 50 - Ukraine,20498
1376,37i9dQZEVXbLnolsZ8PSNw,Top 50 - United Kingdom,2180025
1377,37i9dQZEVXbLdGSmz6xilI,Top 50 - Vietnam,75800
1378,5atgcoJ9pDa39CzCYdXkRi,Top 50 - Polska,757
1379,3seAKhZ9QXirBjL9lazOi4,Top 50+ Zimbabwe,91
1380,37i9dQZEVXbMMy2roB9myp,Top 50 - Argentina,1274067
1381,37i9dQZEVXbJPcfkRz0wJ0,Top 50 - Australia,808614
1382,37i9dQZEVXbKNHh6NIXu36,Top 50 - Austria,118018
1383,37i9dQZEVXbJNSeeHswcKB,Top 50 - Belgium,267915
1384,37i9dQZEVXbJqfMFK4d691,Top 50 - Bolivia,91757
1385,37i9dQZEVXbMXbN3EUUhlg,Top 50 - Brazil,3210181
1386,37i9dQZEVXbKj23U1GF4IR,Top 50 - Canada,332471
1387,37i9dQZEVXbL0GavIqMTeb,Top 50 - Chile,505668
1388,37i9dQZEVXbOa2lmxNORXQ,Top 50 - Colombia,773920
1389,37i9dQZEVXbMZAjGMynsQX,Top 50 - Costa Rica,139284
1390,37i9dQZEVXbL3J0k32lWnN,Top 50 - Denmark,193181
1391,37i9dQZEVXbJlM6nvL1nD1,Top 50 - Ecuador,169250
1392,37i9dQZEVXbLesry2Qw2xS,Top 50 - Estonia,16978
1393,37i9dQZEVXbMxcczTSoGwZ,Top 50 - Finland,132063
1394,37i9dQZEVXbIPWwFssbupI,Top 50 - France,818108
1395,37i9dQZEVXbJiZcmkrIHGU,Top 50 - Germany,2131245
1396,37i9dQZEVXbMDoHDwVN2tF,Top 50 - Global,17024396
1397,37i9dQZEVXbJqdarpmTJDL,Top 50 - Greece,79967
1398,37i9dQZEVXbLy5tBFyQvd4,Top 50 - Guatemala,74841
1399,37i9dQZEVXbLwpL8TjsxOG,Top 50 - Hong Kong,105294
1400,37i9dQZEVXbNHwMxAkvmF8,Top 50 - Hungary,68533
1401,37i9dQZEVXbKMzVsSGQ49S,Top 50 - Iceland,39787
1402,37i9dQZEVXbLZ52XmnySJg,Top 50 - India,355434
1403,37i9dQZEVXbObFQZ3JLcXt,Top 50 - Indonesia,624124
1404,37i9dQZEVXbKM896FDX8L1,Top 50 - Ireland,239928
1405,37i9dQZEVXbJ6IpvItkve3,Top 50 - Israel,48905
1406,37i9dQZEVXbIQnj7RRhdSX,Top 50 - Italy,1027580
1407,37i9dQZEVXbKXQ4mDTEBXq,Top 50 - Japan,932806
1408,37i9dQZEVXbKGcyg6TFGx6,Top 50 - Luxembourg,7379
1409,37i9dQZEVXbJlfUljuZExa,Top 50 - Malaysia,201806
1410,37i9dQZEVXbO3qyFxbkOE1,Top 50 - Mexico,1565642
1411,37i9dQZEVXbJU9eQpX8gPT,Top 50 - Morocco,25101
1412,37i9dQZEVXbKCF6dqVpDkS,Top 50 - Netherlands,904026
1413,37i9dQZEVXbM8SIrkERIYl,Top 50 - New Zealand,210814
1414,37i9dQZEVXbISk8kxnzfCq,Top 50 - Nicaragua,15633
1415,37i9dQZEVXbJvfa0Yxg7E7,Top 50 - Norway,521672
1416,37i9dQZEVXbKypXHVwk1f0,Top 50 - Panama,93495
1417,37i9dQZEVXbJfdy5b0KP7W,Top 50 - Peru,449415
1418,37i9dQZEVXbNBz9cRCSFkY,Top 50 - Philippines,1194739
1419,37i9dQZEVXbKyJS56d1pgi,Top 50 - Portugal,195953
1420,37i9dQZEVXbNZbJ6TZelCq,Top 50 - Romania,27827
1421,37i9dQZEVXbLrQBcXqUtaC,Top 50 - Saudi Arabia,5454
1422,37i9dQZEVXbK4gjvS1FjPY,Top 50 - Singapore,129637
1423,37i9dQZEVXbKIVTPX9a2Sb,Top 50 - Slovakia,20439
1424,37i9dQZEVXbMH2jvi6jvjk,Top 50 - South Africa,31314
1425,37i9dQZEVXbNxXF4SkHj9F,Top 50 - South Korea,66731
1426,37i9dQZEVXbNFJfN1Vw8d9,Top 50 - Spain,1513058
1427,6zFJ2HTXC3d38AgpfcPGph,Top 50 - Suriname,114
1428,37i9dQZEVXbLoATJ81JYXz,Top 50 - Sweden,602608
1429,37i9dQZEVXbJiyhoAPEfMK,Top 50 - Switzerland,120137
1430,37i9dQZEVXbMnZEatlMSiu,Top 50 - Taiwan,198264
1431,37i9dQZEVXbMnz8KIWsvf9,Top 50 - Thailand,133539
1432,37i9dQZEVXbIVYVBNw9D5K,Top 50 - Turkey,779137
1433,37i9dQZEVXbM4UZuIrvHvA,Top 50 - UAE,2752
1434,37i9dQZEVXbLRQDuF5jeBp,Top 50 - USA,3414244
1435,37i9dQZEVXbKkidEfWYRuD,Top 50 - Ukraine,20541
1436,37i9dQZEVXbLnolsZ8PSNw,Top 50 - United Kingdom,2180186
1437,37i9dQZEVXbLdGSmz6xilI,Top 50 - Vietnam,75854
1438,5atgcoJ9pDa39CzCYdXkRi,Top 50 - Polska,757
1439,3seAKhZ9QXirBjL9lazOi4,Top 50+ Zimbabwe,93
1440,37i9dQZEVXbMMy2roB9myp,Top 50 - Argentina,1274685
1441,37i9dQZEVXbJPcfkRz0wJ0,Top 50 - Australia,808757
1442,37i9dQZEVXbKNHh6NIXu36,Top 50 - Austria,118028
1443,37i9dQZEVXbJNSeeHswcKB,Top 50 - Belgium,267937
1444,37i9dQZEVXbJqfMFK4d691,Top 50 - Bolivia,91789
1445,37i9dQZEVXbMXbN3EUUhlg,Top 50 - Brazil,3211163
1446,37i9dQZEVXbKj23U1GF4IR,Top 50 - Canada,332484
1447,37i9dQZEVXbL0GavIqMTeb,Top 50 - Chile,505931
1448,37i9dQZEVXbOa2lmxNORXQ,Top 50 - Colombia,774173
1449,37i9dQZEVXbMZAjGMynsQX,Top 50 - Costa Rica,139321
1450,37i9dQZEVXbL3J0k32lWnN,Top 50 - Denmark,193241
1451,37i9dQZEVXbJlM6nvL1nD1,Top 50 - Ecuador,169309
1452,37i9dQZEVXbLesry2Qw2xS,Top 50 - Estonia,16991
1453,37i9dQZEVXbMxcczTSoGwZ,Top 50 - Finland,132106
1454,37i9dQZEVXbIPWwFssbupI,Top 50 - France,818290
1455,37i9dQZEVXbJiZcmkrIHGU,Top 50 - Germany,2131487
1456,37i9dQZEVXbMDoHDwVN2tF,Top 50 - Global,17026787
1457,37i9dQZEVXbJqdarpmTJDL,Top 50 - Greece,80007
1458,37i9dQZEVXbLy5tBFyQvd4,Top 50 - Guatemala,74873
1459,37i9dQZEVXbLwpL8TjsxOG,Top 50 - Hong Kong,105351
1460,37i9dQZEVXbNHwMxAkvmF8,Top 50 - Hungary,68572
1461,37i9dQZEVXbKMzVsSGQ49S,Top 50 - Iceland,39791
1462,37i9dQZEVXbLZ52XmnySJg,Top 50 - India,356102
1463,37i9dQZEVXbObFQZ3JLcXt,Top 50 - Indonesia,624521
1464,37i9dQZEVXbKM896FDX8L1,Top 50 - Ireland,239945
1465,37i9dQZEVXbJ6IpvItkve3,Top 50 - Israel,48943
1466,37i9dQZEVXbIQnj7RRhdSX,Top 50 - Italy,1027781
1467,37i9dQZEVXbKXQ4mDTEBXq,Top 50 - Japan,933929
1468,37i9dQZEVXbKGcyg6TFGx6,Top 50 - Luxembourg,7381
1469,37i9dQZEVXbJlfUljuZExa,Top 50 - Malaysia,201843
1470,37i9dQZEVXbO3qyFxbkOE1,Top 50 - Mexico,1566025
1471,37i9dQZEVXbJU9eQpX8gPT,Top 50 - Morocco,25140
1472,37i9dQZEVXbKCF6dqVpDkS,Top 50 - Netherlands,904138
1473,37i9dQZEVXbM8SIrkERIYl,Top 50 - New Zealand,210843
1474,37i9dQZEVXbISk8kxnzfCq,Top 50 - Nicaragua,15644
1475,37i9dQZEVXbJvfa0Yxg7E7,Top 50 - Norway,521807
1476,37i9dQZEVXbKypXHVwk1f0,Top 50 - Panama,93512
1477,37i9dQZEVXbJfdy5b0KP7W,Top 50 - Peru,449495
1478,37i9dQZEVXbNBz9cRCSFkY,Top 50 - Philippines,1195228
1479,37i9dQZEVXbKyJS56d1pgi,Top 50 - Portugal,196030
1480,37i9dQZEVXbNZbJ6TZelCq,Top 50 - Romania,27846
1481,37i9dQZEVXbLrQBcXqUtaC,Top 50 - Saudi Arabia,5482
1482,37i9dQZEVXbK4gjvS1FjPY,Top 50 - Singapore,129663
1483,37i9dQZEVXbKIVTPX9a2Sb,Top 50 - Slovakia,20442
1484,37i9dQZEVXbMH2jvi6jvjk,Top 50 - South Africa,31336
1485,37i9dQZEVXbNxXF4SkHj9F,Top 50 - South Korea,66892
1486,37i9dQZEVXbNFJfN1Vw8d9,Top 50 - Spain,1513493
1487,6zFJ2HTXC3d38AgpfcPGph,Top 50 - Suriname,114
1488,37i9dQZEVXbLoATJ81JYXz,Top 50 - Sweden,602731
1489,37i9dQZEVXbJiyhoAPEfMK,Top 50 - Switzerland,120150
1490,37i9dQZEVXbMnZEatlMSiu,Top 50 - Taiwan,198339
1491,37i9dQZEVXbMnz8KIWsvf9,Top 50 - Thailand,133656
1492,37i9dQZEVXbIVYVBNw9D5K,Top 50 - Turkey,779331
1493,37i9dQZEVXbM4UZuIrvHvA,Top 50 - UAE,2760
1494,37i9dQZEVXbLRQDuF5jeBp,Top 50 - USA,3414495
1495,37i9dQZEVXbKkidEfWYRuD,Top 50 - Ukraine,20568
1496,37i9dQZEVXbLnolsZ8PSNw,Top 50 - United Kingdom,2180269
1497,37i9dQZEVXbLdGSmz6xilI,Top 50 - Vietnam,75898
1498,5atgcoJ9pDa39CzCYdXkRi,Top 50 - Polska,758
1499,3seAKhZ9QXirBjL9lazOi4,Top 50+ Zimbabwe,97
1500,37i9dQZEVXbMMy2roB9myp,Top 50 - Argentina,1275230
1501,37i9dQZEVXbJPcfkRz0wJ0,Top 50 - Australia,808865
1502,37i9dQZEVXbKNHh6NIXu36,Top 50 - Austria,118031
1503,37i9dQZEVXbJNSeeHswcKB,Top 50 - Belgium,267946
1504,37i9dQZEVXbJqfMFK4d691,Top 50 - Bolivia,91801
1505,37i9dQZEVXbMXbN3EUUhlg,Top 50 - Brazil,3211967
1506,37i9dQZEVXbKj23U1GF4IR,Top 50 - Canada,332486
1507,37i9dQZEVXbL0GavIqMTeb,Top 50 - Chile,506112
1508,37i9dQZEVXbOa2lmxNORXQ,Top 50 - Colombia,774347
1509,37i9dQZEVXbMZAjGMynsQX,Top 50 - Costa Rica,139352
1510,37i9dQZEVXbL3J0k32lWnN,Top 50 - Denmark,193298
1511,37i9dQZEVXbJlM6nvL1nD1,Top 50 - Ecuador,169348
1512,37i9dQZEVXbLesry2Qw2xS,Top 50 - Estonia,16993
1513,37i9dQZEVXbMxcczTSoGwZ,Top 50 - Finland,132150
1514,37i9dQZEVXbIPWwFssbupI,Top 50 - France,818382
1515,37i9dQZEVXbJiZcmkrIHGU,Top 50 - Germany,2131649
1516,37i9dQZEVXbMDoHDwVN2tF,Top 50 - Global,17028462
1517,37i9dQZEVXbJqdarpmTJDL,Top 50 - Greece,80069
1518,37i9dQZEVXbLy5tBFyQvd4,Top 50 - Guatemala,74875
1519,37i9dQZEVXbLwpL8TjsxOG,Top 50 - Hong Kong,105384
1520,37i9dQZEVXbNHwMxAkvmF8,Top 50 - Hungary,68589
1521,37i9dQZEVXbKMzVsSGQ49S,Top 50 - Iceland,39791
1522,37i9dQZEVXbLZ52XmnySJg,Top 50 - India,356523
1523,37i9dQZEVXbObFQZ3JLcXt,Top 50 - Indonesia,624763
1524,37i9dQZEVXbKM896FDX8L1,Top 50 - Ireland,239964
1525,37i9dQZEVXbJ6IpvItkve3,Top 50 - Israel,48967
1526,37i9dQZEVXbIQnj7RRhdSX,Top 50 - Italy,1027899
1527,37i9dQZEVXbKXQ4mDTEBXq,Top 50 - Japan,934674
1528,37i9dQZEVXbKGcyg6TFGx6,Top 50 - Luxembourg,7380
1529,37i9dQZEVXbJlfUljuZExa,Top 50 - Malaysia,201879
1530,37i9dQZEVXbO3qyFxbkOE1,Top 50 - Mexico,1566688
1531,37i9dQZEVXbJU9eQpX8gPT,Top 50 - Morocco,25172
1532,37i9dQZEVXbKCF6dqVpDkS,Top 50 - Netherlands,904199
1533,37i9dQZEVXbM8SIrkERIYl,Top 50 - New Zealand,210853
1534,37i9dQZEVXbISk8kxnzfCq,Top 50 - Nicaragua,15649
1535,37i9dQZEVXbJvfa0Yxg7E7,Top 50 - Norway,521958
1536,37i9dQZEVXbKypXHVwk1f0,Top 50 - Panama,93511
1537,37i9dQZEVXbJfdy5b0KP7W,Top 50 - Peru,449564
1538,37i9dQZEVXbNBz9cRCSFkY,Top 50 - Philippines,1195531
1539,37i9dQZEVXbKyJS56d1pgi,Top 50 - Portugal,196065
1540,37i9dQZEVXbNZbJ6TZelCq,Top 50 - Romania,27851
1541,37i9dQZEVXbLrQBcXqUtaC,Top 50 - Saudi Arabia,5497
1542,37i9dQZEVXbK4gjvS1FjPY,Top 50 - Singapore,129687
1543,37i9dQZEVXbKIVTPX9a2Sb,Top 50 - Slovakia,20438
1544,37i9dQZEVXbMH2jvi6jvjk,Top 50 - South Africa,31358
1545,37i9dQZEVXbNxXF4SkHj9F,Top 50 - South Korea,66990
1546,37i9dQZEVXbNFJfN1Vw8d9,Top 50 - Spain,1513883
1547,6zFJ2HTXC3d38AgpfcPGph,Top 50 - Suriname,114
1548,37i9dQZEVXbLoATJ81JYXz,Top 50 - Sweden,602852
1549,37i9dQZEVXbJiyhoAPEfMK,Top 50 - Switzerland,120168
1550,37i9dQZEVXbMnZEatlMSiu,Top 50 - Taiwan,198386
1551,37i9dQZEVXbMnz8KIWsvf9,Top 50 - Thailand,133764
1552,37i9dQZEVXbIVYVBNw9D5K,Top 50 - Turkey,779449
1553,37i9dQZEVXbM4UZuIrvHvA,Top 50 - UAE,2761
1554,37i9dQZEVXbLRQDuF5jeBp,Top 50 - USA,3414742
1555,37i9dQZEVXbKkidEfWYRuD,Top 50 - Ukraine,20588
1556,37i9dQZEVXbLnolsZ8PSNw,Top 50 - United Kingdom,2180299
1557,37i9dQZEVXbLdGSmz6xilI,Top 50 - Vietnam,75924
1558,5atgcoJ9pDa39CzCYdXkRi,Top 50 - Polska,759
1559,3seAKhZ9QXirBjL9lazOi4,Top 50+ Zimbabwe,99
1560,37i9dQZEVXbMMy2roB9myp,Top 50 - Argentina,1275764
1561,37i9dQZEVXbJPcfkRz0wJ0,Top 50 - Australia,808961
1562,37i9dQZEVXbKNHh6NIXu36,Top 50 - Austria,118037
1563,37i9dQZEVXbJNSeeHswcKB,Top 50 - Belgium,267983
1564,37i9dQZEVXbJqfMFK4d691,Top 50 - Bolivia,91822
1565,37i9dQZEVXbMXbN3EUUhlg,Top 50 - Brazil,3212825
1566,37i9dQZEVXbKj23U1GF4IR,Top 50 - Canada,332489
1567,37i9dQZEVXbL0GavIqMTeb,Top 50 - Chile,506361
1568,37i9dQZEVXbOa2lmxNORXQ,Top 50 - Colombia,774532
1569,37i9dQZEVXbMZAjGMynsQX,Top 50 - Costa Rica,139390
1570,37i9dQZEVXbL3J0k32lWnN,Top 50 - Denmark,193336
1571,37i9dQZEVXbJlM6nvL1nD1,Top 50 - Ecuador,169381
1572,37i9dQZEVXbLesry2Qw2xS,Top 50 - Estonia,16997
1573,37i9dQZEVXbMxcczTSoGwZ,Top 50 - Finland,132192
1574,37i9dQZEVXbIPWwFssbupI,Top 50 - France,818465
1575,37i9dQZEVXbJiZcmkrIHGU,Top 50 - Germany,2131814
1576,37i9dQZEVXbMDoHDwVN2tF,Top 50 - Global,17029984
1577,37i9dQZEVXbJqdarpmTJDL,Top 50 - Greece,80124
1578,37i9dQZEVXbLy5tBFyQvd4,Top 50 - Guatemala,74888
1579,37i9dQZEVXbLwpL8TjsxOG,Top 50 - Hong Kong,105414
1580,37i9dQZEVXbNHwMxAkvmF8,Top 50 - Hungary,68614
1581,37i9dQZEVXbKMzVsSGQ49S,Top 50 - Iceland,39795
1582,37i9dQZEVXbLZ52XmnySJg,Top 50 - India,356941
1583,37i9dQZEVXbObFQZ3JLcXt,Top 50 - Indonesia,625001
1584,37i9dQZEVXbKM896FDX8L1,Top 50 - Ireland,239989
1585,37i9dQZEVXbJ6IpvItkve3,Top 50 - Israel,48985
1586,37i9dQZEVXbIQnj7RRhdSX,Top 50 - Italy,1028184
1587,37i9dQZEVXbKXQ4mDTEBXq,Top 50 - Japan,935356
1588,37i9dQZEVXbKGcyg6TFGx6,Top 50 - Luxembourg,7388
1589,37i9dQZEVXbJlfUljuZExa,Top 50 - Malaysia,201906
1590,37i9dQZEVXbO3qyFxbkOE1,Top 50 - Mexico,1567156
1591,37i9dQZEVXbJU9eQpX8gPT,Top 50 - Morocco,25209
1592,37i9dQZEVXbKCF6dqVpDkS,Top 50 - Netherlands,904272
1593,37i9dQZEVXbM8SIrkERIYl,Top 50 - New Zealand,210866
1594,37i9dQZEVXbISk8kxnzfCq,Top 50 - Nicaragua,15660
1595,37i9dQZEVXbJvfa0Yxg7E7,Top 50 - Norway,521998
1596,37i9dQZEVXbKypXHVwk1f0,Top 50 - Panama,93538
1597,37i9dQZEVXbJfdy5b0KP7W,Top 50 - Peru,449640
1598,37i9dQZEVXbNBz9cRCSFkY,Top 50 - Philippines,1195786
1599,37i9dQZEVXbKyJS56d1pgi,Top 50 - Portugal,196113
1600,37i9dQZEVXbNZbJ6TZelCq,Top 50 - Romania,27854
1601,37i9dQZEVXbLrQBcXqUtaC,Top 50 - Saudi Arabia,5512
1602,37i9dQZEVXbK4gjvS1FjPY,Top 50 - Singapore,129699
1603,37i9dQZEVXbKIVTPX9a2Sb,Top 50 - Slovakia,20439
1604,37i9dQZEVXbMH2jvi6jvjk,Top 50 - South Africa,31381
1605,37i9dQZEVXbNxXF4SkHj9F,Top 50 - South Korea,67075
1606,37i9dQZEVXbNFJfN1Vw8d9,Top 50 - Spain,1514219
1607,6zFJ2HTXC3d38AgpfcPGph,Top 50 - Suriname,114
1608,37i9dQZEVXbLoATJ81JYXz,Top 50 - Sweden,602946
1609,37i9dQZEVXbJiyhoAPEfMK,Top 50 - Switzerland,120183
1610,37i9dQZEVXbMnZEatlMSiu,Top 50 - Taiwan,198425
1611,37i9dQZEVXbMnz8KIWsvf9,Top 50 - Thailand,133850
1612,37i9dQZEVXbIVYVBNw9D5K,Top 50 - Turkey,779611
1613,37i9dQZEVXbM4UZuIrvHvA,Top 50 - UAE,2768
1614,37i9dQZEVXbLRQDuF5jeBp,Top 50 - USA,3414928
1615,37i9dQZEVXbKkidEfWYRuD,Top 50 - Ukraine,20602
1616,37i9dQZEVXbLnolsZ8PSNw,Top 50 - United Kingdom,2180353
1617,37i9dQZEVXbLdGSmz6xilI,Top 50 - Vietnam,75954
1618,5atgcoJ9pDa39CzCYdXkRi,Top 50 - Polska,758
1619,3seAKhZ9QXirBjL9lazOi4,Top 50+ Zimbabwe,101
1620,37i9dQZEVXbMMy2roB9myp,Top 50 - Argentina,1276288
1621,37i9dQZEVXbJPcfkRz0wJ0,Top 50 - Australia,809004
1622,37i9dQZEVXbKNHh6NIXu36,Top 50 - Austria,118041
1623,37i9dQZEVXbJNSeeHswcKB,Top 50 - Belgium,267991
1624,37i9dQZEVXbJqfMFK4d691,Top 50 - Bolivia,91836
1625,37i9dQZEVXbMXbN3EUUhlg,Top 50 - Brazil,3213459
1626,37i9dQZEVXbKj23U1GF4IR,Top 50 - Canada,332486
1627,37i9dQZEVXbL0GavIqMTeb,Top 50 - Chile,506529
1628,37i9dQZEVXbOa2lmxNORXQ,Top 50 - Colombia,774688
1629,37i9dQZEVXbMZAjGMynsQX,Top 50 - Costa Rica,139423
1630,37i9dQZEVXbL3J0k32lWnN,Top 50 - Denmark,193355
1631,37i9dQZEVXbJlM6nvL1nD1,Top 50 - Ecuador,169416
1632,37i9dQZEVXbLesry2Qw2xS,Top 50 - Estonia,17001
1633,37i9dQZEVXbMxcczTSoGwZ,Top 50 - Finland,132198
1634,37i9dQZEVXbIPWwFssbupI,Top 50 - France,818542
1635,37i9dQZEVXbJiZcmkrIHGU,Top 50 - Germany,2131895
1636,37i9dQZEVXbMDoHDwVN2tF,Top 50 - Global,17031178
1637,37i9dQZEVXbJqdarpmTJDL,Top 50 - Greece,80226
1638,37i9dQZEVXbLy5tBFyQvd4,Top 50 - Guatemala,74898
1639,37i9dQZEVXbLwpL8TjsxOG,Top 50 - Hong Kong,105451
1640,37i9dQZEVXbNHwMxAkvmF8,Top 50 - Hungary,68617
1641,37i9dQZEVXbKMzVsSGQ49S,Top 50 - Iceland,39797
1642,37i9dQZEVXbLZ52XmnySJg,Top 50 - India,357372
1643,37i9dQZEVXbObFQZ3JLcXt,Top 50 - Indonesia,625262
1644,37i9dQZEVXbKM896FDX8L1,Top 50 - Ireland,240011
1645,37i9dQZEVXbJ6IpvItkve3,Top 50 - Israel,48998
1646,37i9dQZEVXbIQnj7RRhdSX,Top 50 - Italy,1028335
1647,37i9dQZEVXbKXQ4mDTEBXq,Top 50 - Japan,935918
1648,37i9dQZEVXbKGcyg6TFGx6,Top 50 - Luxembourg,7392
1649,37i9dQZEVXbJlfUljuZExa,Top 50 - Malaysia,201934
1650,37i9dQZEVXbO3qyFxbkOE1,Top 50 - Mexico,1567534
1651,37i9dQZEVXbJU9eQpX8gPT,Top 50 - Morocco,25247
1652,37i9dQZEVXbKCF6dqVpDkS,Top 50 - Netherlands,904281
1653,37i9dQZEVXbM8SIrkERIYl,Top 50 - New Zealand,210882
1654,37i9dQZEVXbISk8kxnzfCq,Top 50 - Nicaragua,15668
1655,37i9dQZEVXbJvfa0Yxg7E7,Top 50 - Norway,522082
1656,37i9dQZEVXbKypXHVwk1f0,Top 50 - Panama,93549
1657,37i9dQZEVXbJfdy5b0KP7W,Top 50 - Peru,449698
1658,37i9dQZEVXbNBz9cRCSFkY,Top 50 - Philippines,1196037
1659,37i9dQZEVXbKyJS56d1pgi,Top 50 - Portugal,196159
1660,37i9dQZEVXbNZbJ6TZelCq,Top 50 - Romania,27868
1661,37i9dQZEVXbLrQBcXqUtaC,Top 50 - Saudi Arabia,5525
1662,37i9dQZEVXbK4gjvS1FjPY,Top 50 - Singapore,129716
1663,37i9dQZEVXbKIVTPX9a2Sb,Top 50 - Slovakia,20447
1664,37i9dQZEVXbMH2jvi6jvjk,Top 50 - South Africa,31405
1665,37i9dQZEVXbNxXF4SkHj9F,Top 50 - South Korea,67171
1666,37i9dQZEVXbNFJfN1Vw8d9,Top 50 - Spain,1514473
1667,6zFJ2HTXC3d38AgpfcPGph,Top 50 - Suriname,114
1668,37i9dQZEVXbLoATJ81JYXz,Top 50 - Sweden,603024
1669,37i9dQZEVXbJiyhoAPEfMK,Top 50 - Switzerland,120194
1670,37i9dQZEVXbMnZEatlMSiu,Top 50 - Taiwan,198475
1671,37i9dQZEVXbMnz8KIWsvf9,Top 50 - Thailand,133912
1672,37i9dQZEVXbIVYVBNw9D5K,Top 50 - Turkey,779720
1673,37i9dQZEVXbM4UZuIrvHvA,Top 50 - UAE,2769
1674,37i9dQZEVXbLRQDuF5jeBp,Top 50 - USA,3415067
1675,37i9dQZEVXbKkidEfWYRuD,Top 50 - Ukraine,20622
1676,37i9dQZEVXbLnolsZ8PSNw,Top 50 - United Kingdom,2180349
1677,37i9dQZEVXbLdGSmz6xilI,Top 50 - Vietnam,75997
1678,5atgcoJ9pDa39CzCYdXkRi,Top 50 - Polska,758
1679,3seAKhZ9QXirBjL9lazOi4,Top 50+ Zimbabwe,101
1680,37i9dQZEVXbMMy2roB9myp,Top 50 - Argentina,1276664
1681,37i9dQZEVXbJPcfkRz0wJ0,Top 50 - Australia,809073
1682,37i9dQZEVXbKNHh6NIXu36,Top 50 - Austria,118051
1683,37i9dQZEVXbJNSeeHswcKB,Top 50 - Belgium,267998
1684,37i9dQZEVXbJqfMFK4d691,Top 50 - Bolivia,91861
1685,37i9dQZEVXbMXbN3EUUhlg,Top 50 - Brazil,3213961
1686,37i9dQZEVXbKj23U1GF4IR,Top 50 - Canada,332475
1687,37i9dQZEVXbL0GavIqMTeb,Top 50 - Chile,506691
1688,37i9dQZEVXbOa2lmxNORXQ,Top 50 - Colombia,774846
1689,37i9dQZEVXbMZAjGMynsQX,Top 50 - Costa Rica,139454
1690,37i9dQZEVXbL3J0k32lWnN,Top 50 - Denmark,193381
1691,37i9dQZEVXbJlM6nvL1nD1,Top 50 - Ecuador,169439
1692,37i9dQZEVXbLesry2Qw2xS,Top 50 - Estonia,17002
1693,37i9dQZEVXbMxcczTSoGwZ,Top 50 - Finland,132234
1694,37i9dQZEVXbIPWwFssbupI,Top 50 - France,818598
1695,37i9dQZEVXbJiZcmkrIHGU,Top 50 - Germany,2131915
1696,37i9dQZEVXbMDoHDwVN2tF,Top 50 - Global,17032267
1697,37i9dQZEVXbJqdarpmTJDL,Top 50 - Greece,80290
1698,37i9dQZEVXbLy5tBFyQvd4,Top 50 - Guatemala,74914
1699,37i9dQZEVXbLwpL8TjsxOG,Top 50 - Hong Kong,105485
1700,37i9dQZEVXbNHwMxAkvmF8,Top 50 - Hungary,68628
1701,37i9dQZEVXbKMzVsSGQ49S,Top 50 - Iceland,39795
1702,37i9dQZEVXbLZ52XmnySJg,Top 50 - India,357758
1703,37i9dQZEVXbObFQZ3JLcXt,Top 50 - Indonesia,625475
1704,37i9dQZEVXbKM896FDX8L1,Top 50 - Ireland,240013
1705,37i9dQZEVXbJ6IpvItkve3,Top 50 - Israel,49015
1706,37i9dQZEVXbIQnj7RRhdSX,Top 50 - Italy,1028465
1707,37i9dQZEVXbKXQ4mDTEBXq,Top 50 - Japan,936473
1708,37i9dQZEVXbKGcyg6TFGx6,Top 50 - Luxembourg,7393
1709,37i9dQZEVXbJlfUljuZExa,Top 50 - Malaysia,201974
1710,37i9dQZEVXbO3qyFxbkOE1,Top 50 - Mexico,1567952
1711,37i9dQZEVXbJU9eQpX8gPT,Top 50 - Morocco,25284
1712,37i9dQZEVXbKCF6dqVpDkS,Top 50 - Netherlands,904291
1713,37i9dQZEVXbM8SIrkERIYl,Top 50 - New Zealand,210901
1714,37i9dQZEVXbISk8kxnzfCq,Top 50 - Nicaragua,15678
1715,37i9dQZEVXbJvfa0Yxg7E7,Top 50 - Norway,522163
1716,37i9dQZEVXbKypXHVwk1f0,Top 50 - Panama,93560
1717,37i9dQZEVXbJfdy5b0KP7W,Top 50 - Peru,449751
1718,37i9dQZEVXbNBz9cRCSFkY,Top 50 - Philippines,1196239
1719,37i9dQZEVXbKyJS56d1pgi,Top 50 - Portugal,196200
1720,37i9dQZEVXbNZbJ6TZelCq,Top 50 - Romania,27881
1721,37i9dQZEVXbLrQBcXqUtaC,Top 50 - Saudi Arabia,5529
1722,37i9dQZEVXbK4gjvS1FjPY,Top 50 - Singapore,129728
1723,37i9dQZEVXbKIVTPX9a2Sb,Top 50 - Slovakia,20447
1724,37i9dQZEVXbMH2jvi6jvjk,Top 50 - South Africa,31423
1725,37i9dQZEVXbNxXF4SkHj9F,Top 50 - South Korea,67256
1726,37i9dQZEVXbNFJfN1Vw8d9,Top 50 - Spain,1514728
1727,6zFJ2HTXC3d38AgpfcPGph,Top 50 - Suriname,114
1728,37i9dQZEVXbLoATJ81JYXz,Top 50 - Sweden,603062
1729,37i9dQZEVXbJiyhoAPEfMK,Top 50 - Switzerland,120204
1730,37i9dQZEVXbMnZEatlMSiu,Top 50 - Taiwan,198511
1731,37i9dQZEVXbMnz8KIWsvf9,Top 50 - Thailand,133975
1732,37i9dQZEVXbIVYVBNw9D5K,Top 50 - Turkey,779826
1733,37i9dQZEVXbM4UZuIrvHvA,Top 50 - UAE,2771
1734,37i9dQZEVXbLRQDuF5jeBp,Top 50 - USA,3415231
1735,37i9dQZEVXbKkidEfWYRuD,Top 50 - Ukraine,20648
1736,37i9dQZEVXbLnolsZ8PSNw,Top 50 - United Kingdom,2180357
1737,37i9dQZEVXbLdGSmz6xilI,Top 50 - Vietnam,76021
1738,5atgcoJ9pDa39CzCYdXkRi,Top 50 - Polska,756
1739,3seAKhZ9QXirBjL9lazOi4,Top 50+ Zimbabwe,102
1740,37i9dQZEVXbMMy2roB9myp,Top 50 - Argentina,1277006
1741,37i9dQZEVXbJPcfkRz0wJ0,Top 50 - Australia,809116
1742,37i9dQZEVXbKNHh6NIXu36,Top 50 - Austria,118055
1743,37i9dQZEVXbJNSeeHswcKB,Top 50 - Belgium,268011
1744,37i9dQZEVXbJqfMFK4d691,Top 50 - Bolivia,91889
1745,37i9dQZEVXbMXbN3EUUhlg,Top 50 - Brazil,3214479
1746,37i9dQZEVXbKj23U1GF4IR,Top 50 - Canada,332481
1747,37i9dQZEVXbL0GavIqMTeb,Top 50 - Chile,506881
1748,37i9dQZEVXbOa2lmxNORXQ,Top 50 - Colombia,774991
1749,37i9dQZEVXbMZAjGMynsQX,Top 50 - Costa Rica,139480
1750,37i9dQZEVXbL3J0k32lWnN,Top 50 - Denmark,193393
1751,37i9dQZEVXbJlM6nvL1nD1,Top 50 - Ecuador,169480
1752,37i9dQZEVXbLesry2Qw2xS,Top 50 - Estonia,17005
1753,37i9dQZEVXbMxcczTSoGwZ,Top 50 - Finland,132257
1754,37i9dQZEVXbIPWwFssbupI,Top 50 - France,818674
1755,37i9dQZEVXbJiZcmkrIHGU,Top 50 - Germany,2131980
1756,37i9dQZEVXbMDoHDwVN2tF,Top 50 - Global,17033476
1757,37i9dQZEVXbJqdarpmTJDL,Top 50 - Greece,80321
1758,37i9dQZEVXbLy5tBFyQvd4,Top 50 - Guatemala,74945
1759,37i9dQZEVXbLwpL8TjsxOG,Top 50 - Hong Kong,105508
1760,37i9dQZEVXbNHwMxAkvmF8,Top 50 - Hungary,68636
1761,37i9dQZEVXbKMzVsSGQ49S,Top 50 - Iceland,39797
1762,37i9dQZEVXbLZ52XmnySJg,Top 50 - India,358115
1763,37i9dQZEVXbObFQZ3JLcXt,Top 50 - Indonesia,625666
1764,37i9dQZEVXbKM896FDX8L1,Top 50 - Ireland,240034
1765,37i9dQZEVXbJ6IpvItkve3,Top 50 - Israel,49038
1766,37i9dQZEVXbIQnj7RRhdSX,Top 50 - Italy,1028587
1767,37i9dQZEVXbKXQ4mDTEBXq,Top 50 - Japan,937047
1768,37i9dQZEVXbKGcyg6TFGx6,Top 50 - Luxembourg,7395
1769,37i9dQZEVXbJlfUljuZExa,Top 50 - Malaysia,201989
1770,37i9dQZEVXbO3qyFxbkOE1,Top 50 - Mexico,1568368
1771,37i9dQZEVXbJU9eQpX8gPT,Top 50 - Morocco,25344
1772,37i9dQZEVXbKCF6dqVpDkS,Top 50 - Netherlands,904335
1773,37i9dQZEVXbM8SIrkERIYl,Top 50 - New Zealand,210908
1774,37i9dQZEVXbISk8kxnzfCq,Top 50 - Nicaragua,15684
1775,37i9dQZEVXbJvfa0Yxg7E7,Top 50 - Norway,522251
1776,37i9dQZEVXbKypXHVwk1f0,Top 50 - Panama,93577
1777,37i9dQZEVXbJfdy5b0KP7W,Top 50 - Peru,449830
1778,37i9dQZEVXbNBz9cRCSFkY,Top 50 - Philippines,1196510
1779,37i9dQZEVXbKyJS56d1pgi,Top 50 - Portugal,196228
1780,37i9dQZEVXbNZbJ6TZelCq,Top 50 - Romania,27895
1781,37i9dQZEVXbLrQBcXqUtaC,Top 50 - Saudi Arabia,5546
1782,37i9dQZEVXbK4gjvS1FjPY,Top 50 - Singapore,129740
1783,37i9dQZEVXbKIVTPX9a2Sb,Top 50 - Slovakia,20449
1784,37i9dQZEVXbMH2jvi6jvjk,Top 50 - South Africa,31443
1785,37i9dQZEVXbNxXF4SkHj9F,Top 50 - South Korea,67340
1786,37i9dQZEVXbNFJfN1Vw8d9,Top 50 - Spain,1514984
1787,6zFJ2HTXC3d38AgpfcPGph,Top 50 - Suriname,115
1788,37i9dQZEVXbLoATJ81JYXz,Top 50 - Sweden,603112
1789,37i9dQZEVXbJiyhoAPEfMK,Top 50 - Switzerland,120219
1790,37i9dQZEVXbMnZEatlMSiu,Top 50 - Taiwan,198559
1791,37i9dQZEVXbMnz8KIWsvf9,Top 50 - Thailand,134037
1792,37i9dQZEVXbIVYVBNw9D5K,Top 50 - Turkey,779914
1793,37i9dQZEVXbM4UZuIrvHvA,Top 50 - UAE,2783
1794,37i9dQZEVXbLRQDuF5jeBp,Top 50 - USA,3415444
1795,37i9dQZEVXbKkidEfWYRuD,Top 50 - Ukraine,20667
1796,37i9dQZEVXbLnolsZ8PSNw,Top 50 - United Kingdom,2180375
1797,37i9dQZEVXbLdGSmz6xilI,Top 50 - Vietnam,76070
1798,5atgcoJ9pDa39CzCYdXkRi,Top 50 - Polska,756
1799,3seAKhZ9QXirBjL9lazOi4,Top 50+ Zimbabwe,102